{"synthetic": false,
 "schemaVersion": "2025-09-10",
 "outputs":
 {"o": ["824191c9a403c6da.olean"],
  "m": false,
  "i": "6292848cd828025e.ilean",
  "c": "21f0bb572d0efbbe.c"},
 "log":
 [{"message":
   ".> LEAN_PATH=/home/n/Documents/github/verified_mul_dcv/.lake/packages/Cli/.lake/build/lib/lean:/home/n/Documents/github/verified_mul_dcv/.lake/packages/batteries/.lake/build/lib/lean:/home/n/Documents/github/verified_mul_dcv/.lake/packages/Qq/.lake/build/lib/lean:/home/n/Documents/github/verified_mul_dcv/.lake/packages/aesop/.lake/build/lib/lean:/home/n/Documents/github/verified_mul_dcv/.lake/packages/proofwidgets/.lake/build/lib/lean:/home/n/Documents/github/verified_mul_dcv/.lake/packages/importGraph/.lake/build/lib/lean:/home/n/Documents/github/verified_mul_dcv/.lake/packages/LeanSearchClient/.lake/build/lib/lean:/home/n/Documents/github/verified_mul_dcv/.lake/packages/plausible/.lake/build/lib/lean:/home/n/Documents/github/verified_mul_dcv/.lake/packages/mathlib/.lake/build/lib/lean:/home/n/Documents/github/verified_mul_dcv/.lake/packages/cslib/.lake/build/lib/lean:/home/n/Documents/github/verified_mul_dcv/.lake/build/lib/lean /home/n/.elan/toolchains/leanprover--lean4---v4.30.0-rc2/bin/lean /home/n/Documents/github/verified_mul_dcv/fast_verified_mul/schonhage_strassen_2.lean -o /home/n/Documents/github/verified_mul_dcv/.lake/build/lib/lean/fast_verified_mul/schonhage_strassen_2.olean -i /home/n/Documents/github/verified_mul_dcv/.lake/build/lib/lean/fast_verified_mul/schonhage_strassen_2.ilean -c /home/n/Documents/github/verified_mul_dcv/.lake/build/ir/fast_verified_mul/schonhage_strassen_2.c --setup /home/n/Documents/github/verified_mul_dcv/.lake/build/ir/fast_verified_mul/schonhage_strassen_2.setup.json --json",
   "level": "trace"},
  {"message":
   "fast_verified_mul/schonhage_strassen_2.lean:20:39: This simp argument is unused:\n  ih\n\nHint: Omit it from the simp argument list.\n  simp +decide [ ̵List.range'_concat,̵ ̵i̵h̵ ̵]\n\nNote: This linter can be disabled with `set_option linter.unusedSimpArgs false`",
   "level": "warning"},
  {"message":
   "fast_verified_mul/schonhage_strassen_2.lean:17:2: The `refine'` tactic is discouraged: please strongly consider using `refine` or `apply` instead.\n\nNote: This linter can be disabled with `set_option linter.style.refine false`",
   "level": "warning"},
  {"message":
   "fast_verified_mul/schonhage_strassen_2.lean:18:2: The `induction'` tactic is discouraged: please strongly consider using `induction` instead.\n\nNote: This linter can be disabled with `set_option linter.style.induction false`",
   "level": "warning"},
  {"message":
   "fast_verified_mul/schonhage_strassen_2.lean:21:4: The `refine'` tactic is discouraged: please strongly consider using `refine` or `apply` instead.\n\nNote: This linter can be disabled with `set_option linter.style.refine false`",
   "level": "warning"},
  {"message":
   "fast_verified_mul/schonhage_strassen_2.lean:27:8: The `induction'` tactic is discouraged: please strongly consider using `induction` instead.\n\nNote: This linter can be disabled with `set_option linter.style.induction false`",
   "level": "warning"},
  {"message":
   "fast_verified_mul/schonhage_strassen_2.lean:20:4: 'simp +decide [ List.range'_concat, ih ]' is a flexible tactic modifying '⊢'. Try 'simp?' and use the suggested 'simp only [...]'. Alternatively, use `suffices` to explicitly state the simplified form.\n\nNote: This linter can be disabled with `set_option linter.flexible false`",
   "level": "warning"},
  {"message":
   "fast_verified_mul/schonhage_strassen_2.lean:20:4: Try this:\n  [apply] simp +decide only [bind_pure_comp, map_pure, Std.Legacy.Range.forIn'_eq_forIn'_range', Std.Legacy.Range.size,\n    tsub_zero, add_tsub_cancel_right, Nat.div_one, List.forIn'_pure_yield_eq_foldl, bind_pure, Id.run_pure]",
   "level": "info"},
  {"message":
   "fast_verified_mul/schonhage_strassen_2.lean:21:4: 'refine' Vector.ext fun i => _' uses '⊢'!",
   "level": "info"},
  {"message":
   "fast_verified_mul/schonhage_strassen_2.lean:20:4: 'simp +decide [ List.range'_concat, ih ]' is a flexible tactic modifying '⊢'. Try 'simp?' and use the suggested 'simp only [...]'. Alternatively, use `suffices` to explicitly state the simplified form.\n\nNote: This linter can be disabled with `set_option linter.flexible false`",
   "level": "warning"},
  {"message":
   "fast_verified_mul/schonhage_strassen_2.lean:20:4: Try this:\n  [apply] simp +decide only [bind_pure_comp, map_pure, Std.Legacy.Range.forIn'_eq_forIn'_range', Std.Legacy.Range.size,\n    tsub_zero, add_tsub_cancel_right, Nat.div_one, List.forIn'_pure_yield_eq_foldl, bind_pure, Id.run_pure]",
   "level": "info"},
  {"message":
   "fast_verified_mul/schonhage_strassen_2.lean:22:4: 'intro hi' uses '⊢'!",
   "level": "info"},
  {"message":
   "fast_verified_mul/schonhage_strassen_2.lean:20:4: 'simp +decide [ List.range'_concat, ih ]' is a flexible tactic modifying '⊢'. Try 'simp?' and use the suggested 'simp only [...]'. Alternatively, use `suffices` to explicitly state the simplified form.\n\nNote: This linter can be disabled with `set_option linter.flexible false`",
   "level": "warning"},
  {"message":
   "fast_verified_mul/schonhage_strassen_2.lean:20:4: Try this:\n  [apply] simp +decide only [bind_pure_comp, map_pure, Std.Legacy.Range.forIn'_eq_forIn'_range', Std.Legacy.Range.size,\n    tsub_zero, add_tsub_cancel_right, Nat.div_one, List.forIn'_pure_yield_eq_foldl, bind_pure, Id.run_pure]",
   "level": "info"},
  {"message":
   "fast_verified_mul/schonhage_strassen_2.lean:24:6: 'rw [if_neg (ne_of_gt hi')]' uses '⊢'!",
   "level": "info"},
  {"message":
   "fast_verified_mul/schonhage_strassen_2.lean:20:4: 'simp +decide [ List.range'_concat, ih ]' is a flexible tactic modifying '⊢'. Try 'simp?' and use the suggested 'simp only [...]'. Alternatively, use `suffices` to explicitly state the simplified form.\n\nNote: This linter can be disabled with `set_option linter.flexible false`",
   "level": "warning"},
  {"message":
   "fast_verified_mul/schonhage_strassen_2.lean:20:4: Try this:\n  [apply] simp +decide only [bind_pure_comp, map_pure, Std.Legacy.Range.forIn'_eq_forIn'_range', Std.Legacy.Range.size,\n    tsub_zero, add_tsub_cancel_right, Nat.div_one, List.forIn'_pure_yield_eq_foldl, bind_pure, Id.run_pure]",
   "level": "info"},
  {"message":
   "fast_verified_mul/schonhage_strassen_2.lean:25:6: 'convert congr_arg (fun v : Vector α K => v[i]) (ih (fun j => f ⟨j, Nat.lt_succ_of_lt j.2⟩)) using 1' uses '⊢'!",
   "level": "info"},
  {"message":
   "fast_verified_mul/schonhage_strassen_2.lean:20:4: 'simp +decide [ List.range'_concat, ih ]' is a flexible tactic modifying '⊢'. Try 'simp?' and use the suggested 'simp only [...]'. Alternatively, use `suffices` to explicitly state the simplified form.\n\nNote: This linter can be disabled with `set_option linter.flexible false`",
   "level": "warning"},
  {"message":
   "fast_verified_mul/schonhage_strassen_2.lean:20:4: Try this:\n  [apply] simp +decide only [bind_pure_comp, map_pure, Std.Legacy.Range.forIn'_eq_forIn'_range', Std.Legacy.Range.size,\n    tsub_zero, add_tsub_cancel_right, Nat.div_one, List.forIn'_pure_yield_eq_foldl, bind_pure, Id.run_pure]",
   "level": "info"},
  {"message":
   "fast_verified_mul/schonhage_strassen_2.lean:27:8: 'induction' (List.range' 0 K).attach using List.reverseRecOn with x xs ih' uses '⊢'!",
   "level": "info"},
  {"message":
   "fast_verified_mul/schonhage_strassen_2.lean:25:100: This line exceeds the 100 character limit, please shorten it!\n\nNote: This linter can be disabled with `set_option linter.style.longLine false`",
   "level": "warning"},
  {"message":
   "fast_verified_mul/schonhage_strassen_2.lean:27:100: This line exceeds the 100 character limit, please shorten it!\n\nNote: This linter can be disabled with `set_option linter.style.longLine false`",
   "level": "warning"},
  {"message":
   "fast_verified_mul/schonhage_strassen_2.lean:101:2: The `refine'` tactic is discouraged: please strongly consider using `refine` or `apply` instead.\n\nNote: This linter can be disabled with `set_option linter.style.refine false`",
   "level": "warning"},
  {"message":
   "fast_verified_mul/schonhage_strassen_2.lean:102:4: The `refine'` tactic is discouraged: please strongly consider using `refine` or `apply` instead.\n\nNote: This linter can be disabled with `set_option linter.style.refine false`",
   "level": "warning"},
  {"message":
   "fast_verified_mul/schonhage_strassen_2.lean:115:4: The `refine'` tactic is discouraged: please strongly consider using `refine` or `apply` instead.\n\nNote: This linter can be disabled with `set_option linter.style.refine false`",
   "level": "warning"},
  {"message":
   "fast_verified_mul/schonhage_strassen_2.lean:107:90: 'simp_all +decide [ pow_succ' ]' is a flexible tactic modifying '⊢'. Try 'simp_all?' and use the suggested 'simp_all only [...]'. Alternatively, use `suffices` to explicitly state the simplified form.\n\nNote: This linter can be disabled with `set_option linter.flexible false`",
   "level": "warning"},
  {"message":
   "fast_verified_mul/schonhage_strassen_2.lean:107:90: Try this:\n  [apply] simp_all +decide only [pow_zero, Nat.div_one, add_zero, ge_iff_le]",
   "level": "info"},
  {"message":
   "fast_verified_mul/schonhage_strassen_2.lean:108:6: 'exact\n  absurd (k.resolve_left (by linarith [Classical.choose_spec hn]))\n    (Nat.ne_of_gt (Nat.sub_pos_of_lt (Nat.le_log_of_pow_le (by norm_num) (by linarith))))' uses '⊢'!",
   "level": "info"},
  {"message":
   "fast_verified_mul/schonhage_strassen_2.lean:107:90: 'simp_all +decide [ pow_succ' ]' is a flexible tactic modifying '⊢'. Try 'simp_all?' and use the suggested 'simp_all only [...]'. Alternatively, use `suffices` to explicitly state the simplified form.\n\nNote: This linter can be disabled with `set_option linter.flexible false`",
   "level": "warning"},
  {"message":
   "fast_verified_mul/schonhage_strassen_2.lean:107:90: Try this:\n  [apply] simp_all +decide only [zero_add, pow_one, ge_iff_le]",
   "level": "info"},
  {"message":
   "fast_verified_mul/schonhage_strassen_2.lean:111:8: 'interval_cases n' uses '⊢'!",
   "level": "info"},
  {"message":
   "fast_verified_mul/schonhage_strassen_2.lean:107:90: 'simp_all +decide [ pow_succ' ]' is a flexible tactic modifying '⊢'. Try 'simp_all?' and use the suggested 'simp_all only [...]'. Alternatively, use `suffices` to explicitly state the simplified form.\n\nNote: This linter can be disabled with `set_option linter.flexible false`",
   "level": "warning"},
  {"message":
   "fast_verified_mul/schonhage_strassen_2.lean:107:90: Try this:\n  [apply] simp_all +decide only [ge_iff_le]",
   "level": "info"},
  {"message":
   "fast_verified_mul/schonhage_strassen_2.lean:112:6: 'rename_i k'' uses '⊢'!",
   "level": "info"},
  {"message":
   "fast_verified_mul/schonhage_strassen_2.lean:101:100: This line exceeds the 100 character limit, please shorten it!\n\nNote: This linter can be disabled with `set_option linter.style.longLine false`",
   "level": "warning"},
  {"message":
   "fast_verified_mul/schonhage_strassen_2.lean:105:100: This line exceeds the 100 character limit, please shorten it!\n\nNote: This linter can be disabled with `set_option linter.style.longLine false`",
   "level": "warning"},
  {"message":
   "fast_verified_mul/schonhage_strassen_2.lean:107:100: This line exceeds the 100 character limit, please shorten it!\n\nNote: This linter can be disabled with `set_option linter.style.longLine false`",
   "level": "warning"},
  {"message":
   "fast_verified_mul/schonhage_strassen_2.lean:108:100: This line exceeds the 100 character limit, please shorten it!\n\nNote: This linter can be disabled with `set_option linter.style.longLine false`",
   "level": "warning"},
  {"message":
   "fast_verified_mul/schonhage_strassen_2.lean:109:100: This line exceeds the 100 character limit, please shorten it!\n\nNote: This linter can be disabled with `set_option linter.style.longLine false`",
   "level": "warning"},
  {"message":
   "fast_verified_mul/schonhage_strassen_2.lean:113:100: This line exceeds the 100 character limit, please shorten it!\n\nNote: This linter can be disabled with `set_option linter.style.longLine false`",
   "level": "warning"},
  {"message":
   "fast_verified_mul/schonhage_strassen_2.lean:116:100: This line exceeds the 100 character limit, please shorten it!\n\nNote: This linter can be disabled with `set_option linter.style.longLine false`",
   "level": "warning"},
  {"message":
   "fast_verified_mul/schonhage_strassen_2.lean:117:100: This line exceeds the 100 character limit, please shorten it!\n\nNote: This linter can be disabled with `set_option linter.style.longLine false`",
   "level": "warning"},
  {"message":
   "fast_verified_mul/schonhage_strassen_2.lean:118:100: This line exceeds the 100 character limit, please shorten it!\n\nNote: This linter can be disabled with `set_option linter.style.longLine false`",
   "level": "warning"},
  {"message":
   "fast_verified_mul/schonhage_strassen_2.lean:184:4: 'simp [Finset.mem_range, Finset.mem_image]' is a flexible tactic modifying '⊢'. Try 'simp?' and use the suggested 'simp only [...]'. Alternatively, use `suffices` to explicitly state the simplified form.\n\nNote: This linter can be disabled with `set_option linter.flexible false`",
   "level": "warning"},
  {"message":
   "fast_verified_mul/schonhage_strassen_2.lean:184:4: Try this:\n  [apply] simp only [Finset.mem_range, Finset.mem_union, Finset.mem_image]",
   "level": "info"},
  {"message":
   "fast_verified_mul/schonhage_strassen_2.lean:185:4: 'exact\n  ⟨fun hj => by\n    rcases Nat.even_or_odd' j with ⟨c, rfl | rfl⟩ <;> [left; right] <;>\n      exact ⟨c, by rw [pow_succ'] at hj; linarith, rfl⟩,\n    fun hj => by rcases hj with (⟨c, hc, rfl⟩ | ⟨c, hc, rfl⟩) <;> rw [pow_succ'] <;> linarith⟩' uses '⊢'!",
   "level": "info"},
  {"message":
   "fast_verified_mul/schonhage_strassen_2.lean:182:100: This line exceeds the 100 character limit, please shorten it!\n\nNote: This linter can be disabled with `set_option linter.style.longLine false`",
   "level": "warning"},
  {"message":
   "fast_verified_mul/schonhage_strassen_2.lean:185:100: This line exceeds the 100 character limit, please shorten it!\n\nNote: This linter can be disabled with `set_option linter.style.longLine false`",
   "level": "warning"},
  {"message":
   "fast_verified_mul/schonhage_strassen_2.lean:199:36: This simp argument is unused:\n  ha\n\nHint: Omit it from the simp argument list.\n  simp +decide [ ̵pow_add, pow_mul',̵ ̵h̵a̵ ̵]\n\nNote: This linter can be disabled with `set_option linter.unusedSimpArgs false`",
   "level": "warning"},
  {"message":
   "fast_verified_mul/schonhage_strassen_2.lean:199:2: 'simp +decide [ pow_add, pow_mul', ha ]' is a flexible tactic modifying '⊢'. Try 'simp?' and use the suggested 'simp only [...]'. Alternatively, use `suffices` to explicitly state the simplified form.\n\nNote: This linter can be disabled with `set_option linter.flexible false`",
   "level": "warning"},
  {"message":
   "fast_verified_mul/schonhage_strassen_2.lean:199:2: Try this:\n  [apply] simp +decide only [Nat.add_mul_mod_self_left, dvd_refl, Nat.mod_mod_of_dvd]",
   "level": "info"},
  {"message":
   "fast_verified_mul/schonhage_strassen_2.lean:200:2: 'rw [← pow_mul, mul_comm, pow_mul, ha, one_pow, mul_one]' uses '⊢'!",
   "level": "info"},
  {"message":
   "fast_verified_mul/schonhage_strassen_2.lean:226:44: Try this:\n  [apply] ring_nf\n  \n  The `ring` tactic failed to close the goal. Use `ring_nf` to obtain a normal form.\n    \n  Note that `ring` works primarily in *commutative* rings. If you have a noncommutative ring, abelian group or module, consider using `noncomm_ring`, `abel` or `module` instead.",
   "level": "info"},
  {"message":
   "fast_verified_mul/schonhage_strassen_2.lean:227:19: This simp argument is unused:\n  pow_add\n\nHint: Omit it from the simp argument list.\n  simp +decide [̵ ̵p̵o̵w̵_̵a̵d̵d̵,̵ ̵p̵o̵w̵_̵m̵u̵l̵'̵,̵ ̵h̵O̵M̵E̵G̵A̵ ̵]̵[̲p̲o̲w̲_̲m̲u̲l̲'̲,̲ ̲h̲O̲M̲E̲G̲A̲]̲\n\nNote: This linter can be disabled with `set_option linter.unusedSimpArgs false`",
   "level": "warning"},
  {"message":
   "fast_verified_mul/schonhage_strassen_2.lean:227:38: This simp argument is unused:\n  hOMEGA\n\nHint: Omit it from the simp argument list.\n  simp +decide [̵ ̵p̵o̵w̵_̵a̵d̵d̵,̵ ̵p̵o̵w̵_̵m̵u̵l̵'̵,̵ ̵h̵O̵M̵E̵G̵A̵ ̵]̵[̲p̲o̲w̲_̲a̲d̲d̲,̲ ̲p̲o̲w̲_̲m̲u̲l̲'̲]̲\n\nNote: This linter can be disabled with `set_option linter.unusedSimpArgs false`",
   "level": "warning"},
  {"message":
   "fast_verified_mul/schonhage_strassen_2.lean:225:4: The `refine'` tactic is discouraged: please strongly consider using `refine` or `apply` instead.\n\nNote: This linter can be disabled with `set_option linter.style.refine false`",
   "level": "warning"},
  {"message":
   "fast_verified_mul/schonhage_strassen_2.lean:230:4: The `refine'` tactic is discouraged: please strongly consider using `refine` or `apply` instead.\n\nNote: This linter can be disabled with `set_option linter.style.refine false`",
   "level": "warning"},
  {"message":
   "fast_verified_mul/schonhage_strassen_2.lean:248:72: This simp argument is unused:\n  List.range'\n\nHint: Omit it from the simp argument list.\n  simp_all +decide [̵ ̵L̵i̵s̵t̵.̵r̵a̵n̵g̵e̵'̵,̵ ̵t̵w̵o̵_̵m̵u̵l̵ ̵]̵[̲t̲w̲o̲_̲m̲u̲l̲]̲\n\nNote: This linter can be disabled with `set_option linter.unusedSimpArgs false`",
   "level": "warning"},
  {"message":
   "fast_verified_mul/schonhage_strassen_2.lean:248:85: This simp argument is unused:\n  two_mul\n\nHint: Omit it from the simp argument list.\n  simp_all +decide [̵ ̵L̵i̵s̵t̵.̵r̵a̵n̵g̵e̵'̵,̵ ̵t̵w̵o̵_̵m̵u̵l̵ ̵]̵[̲L̲i̲s̲t̲.̲r̲a̲n̲g̲e̲'̲]̲\n\nNote: This linter can be disabled with `set_option linter.unusedSimpArgs false`",
   "level": "warning"},
  {"message":
   "fast_verified_mul/schonhage_strassen_2.lean:269:21: This simp argument is unused:\n  List.mem_map\n\nHint: Omit it from the simp argument list.\n  simp +decide [̵ ̵L̵i̵s̵t̵.̵m̵e̵m̵_̵m̵a̵p̵,̵ ̵L̵i̵s̵t̵.̵m̵e̵m̵_̵r̵a̵n̵g̵e̵'̵ ̵]̵[̲L̲i̲s̲t̲.̲m̲e̲m̲_̲r̲a̲n̲g̲e̲'̲]̲\n\nNote: This linter can be disabled with `set_option linter.unusedSimpArgs false`",
   "level": "warning"},
  {"message":
   "fast_verified_mul/schonhage_strassen_2.lean:274:23: This simp argument is unused:\n  two_mul\n\nHint: Omit it from the simp argument list.\n  simp +decide [̵ ̵h̵j̵,̵ ̵t̵w̵o̵_̵m̵u̵l̵,̵ ̵L̵i̵s̵t̵.̵r̵a̵n̵g̵e̵'̵ ̵]̵[̲h̲j̲,̲ ̲L̲i̲s̲t̲.̲r̲a̲n̲g̲e̲'̲]̲\n\nNote: This linter can be disabled with `set_option linter.unusedSimpArgs false`",
   "level": "warning"},
  {"message":
   "fast_verified_mul/schonhage_strassen_2.lean:274:32: This simp argument is unused:\n  List.range'\n\nHint: Omit it from the simp argument list.\n  simp +decide [̵ ̵h̵j̵,̵ ̵t̵w̵o̵_̵m̵u̵l̵,̵ ̵L̵i̵s̵t̵.̵r̵a̵n̵g̵e̵'̵ ̵]̵[̲h̲j̲,̲ ̲t̲w̲o̲_̲m̲u̲l̲]̲\n\nNote: This linter can be disabled with `set_option linter.unusedSimpArgs false`",
   "level": "warning"},
  {"message":
   "fast_verified_mul/schonhage_strassen_2.lean:247:2: The `refine'` tactic is discouraged: please strongly consider using `refine` or `apply` instead.\n\nNote: This linter can be disabled with `set_option linter.style.refine false`",
   "level": "warning"},
  {"message":
   "fast_verified_mul/schonhage_strassen_2.lean:255:18: The `induction'` tactic is discouraged: please strongly consider using `induction` instead.\n\nNote: This linter can be disabled with `set_option linter.style.induction false`",
   "level": "warning"},
  {"message":
   "fast_verified_mul/schonhage_strassen_2.lean:268:6: The `induction'` tactic is discouraged: please strongly consider using `induction` instead.\n\nNote: This linter can be disabled with `set_option linter.style.induction false`",
   "level": "warning"},
  {"message":
   "fast_verified_mul/schonhage_strassen_2.lean:281:18: The `induction'` tactic is discouraged: please strongly consider using `induction` instead.\n\nNote: This linter can be disabled with `set_option linter.style.induction false`",
   "level": "warning"},
  {"message":
   "fast_verified_mul/schonhage_strassen_2.lean:236:0: Please, add a comment explaining the need for modifying the maxHeartbeat limit, as in\nset_option maxHeartbeats 1600000 in\n-- reason for change\n...\n\nNote: This linter can be disabled with `set_option linter.style.maxHeartbeats false`",
   "level": "warning"},
  {"message":
   "fast_verified_mul/schonhage_strassen_2.lean:248:53: 'simp_all +decide [ List.range', two_mul ]' is a flexible tactic modifying '⊢'. Try 'simp_all?' and use the suggested 'simp_all only [...]'. Alternatively, use `suffices` to explicitly state the simplified form.\n\nNote: This linter can be disabled with `set_option linter.flexible false`",
   "level": "warning"},
  {"message":
   "fast_verified_mul/schonhage_strassen_2.lean:248:53: Try this:\n  [apply] simp_all +decide only [bind_pure_comp, map_pure, Std.Legacy.Range.forIn'_eq_forIn'_range',\n    Std.Legacy.Range.size, tsub_zero, add_tsub_cancel_right, Nat.div_one, List.forIn'_pure_yield_eq_foldl, bind_pure,\n    Id.run_pure, Vector.getElem_ofFn]",
   "level": "info"},
  {"message":
   "fast_verified_mul/schonhage_strassen_2.lean:250:4: 'have h_ind :\n  ∀ (l : List (Fin K)),\n    (∀ i ∈ l, i.val < K) →\n      (List.foldl\n            (fun b x =>\n              (b.set (↑x) (f ⟨↑x, by exact x.2⟩) (by linarith [Fin.is_lt x])).set (↑x + K) (g ⟨↑x, by exact x.2⟩)\n                (by lia))\n            (Vector.replicate (2 * K) a₀) l)[i] =\n        if i ∈ l.map (fun x => x.val) then f ⟨i, hi'⟩ else a₀ :=\n  by intro l hl; induction' l using List.reverseRecOn with l ih <;> simp_all +decide [List.foldl_append];\n  grind' uses '⊢'!",
   "level": "info"},
  {"message":
   "fast_verified_mul/schonhage_strassen_2.lean:248:53: 'simp_all +decide [ List.range', two_mul ]' is a flexible tactic modifying '⊢'. Try 'simp_all?' and use the suggested 'simp_all only [...]'. Alternatively, use `suffices` to explicitly state the simplified form.\n\nNote: This linter can be disabled with `set_option linter.flexible false`",
   "level": "warning"},
  {"message":
   "fast_verified_mul/schonhage_strassen_2.lean:248:53: Try this:\n  [apply] simp_all +decide only [bind_pure_comp, map_pure, Std.Legacy.Range.forIn'_eq_forIn'_range',\n    Std.Legacy.Range.size, tsub_zero, add_tsub_cancel_right, Nat.div_one, List.forIn'_pure_yield_eq_foldl, bind_pure,\n    Id.run_pure, Vector.getElem_ofFn]",
   "level": "info"},
  {"message":
   "fast_verified_mul/schonhage_strassen_2.lean:257:4: 'generalize_proofs at *' uses '⊢'!",
   "level": "info"},
  {"message":
   "fast_verified_mul/schonhage_strassen_2.lean:248:53: 'simp_all +decide [ List.range', two_mul ]' is a flexible tactic modifying '⊢'. Try 'simp_all?' and use the suggested 'simp_all only [...]'. Alternatively, use `suffices` to explicitly state the simplified form.\n\nNote: This linter can be disabled with `set_option linter.flexible false`",
   "level": "warning"},
  {"message":
   "fast_verified_mul/schonhage_strassen_2.lean:248:53: Try this:\n  [apply] simp_all +decide only [bind_pure_comp, map_pure, Std.Legacy.Range.forIn'_eq_forIn'_range',\n    Std.Legacy.Range.size, tsub_zero, add_tsub_cancel_right, Nat.div_one, List.forIn'_pure_yield_eq_foldl, bind_pure,\n    Id.run_pure, Vector.getElem_ofFn]",
   "level": "info"},
  {"message":
   "fast_verified_mul/schonhage_strassen_2.lean:258:4: 'convert h_ind _ _ using 1' uses '⊢'!",
   "level": "info"},
  {"message":
   "fast_verified_mul/schonhage_strassen_2.lean:248:53: 'simp_all +decide [ List.range', two_mul ]' is a flexible tactic modifying '⊢'. Try 'simp_all?' and use the suggested 'simp_all only [...]'. Alternatively, use `suffices` to explicitly state the simplified form.\n\nNote: This linter can be disabled with `set_option linter.flexible false`",
   "level": "warning"},
  {"message":
   "fast_verified_mul/schonhage_strassen_2.lean:248:53: Try this:\n  [apply] simp_all +decide only [bind_pure_comp, map_pure, Std.Legacy.Range.forIn'_eq_forIn'_range',\n    Std.Legacy.Range.size, tsub_zero, add_tsub_cancel_right, Nat.div_one, List.forIn'_pure_yield_eq_foldl, bind_pure,\n    Id.run_pure, Vector.getElem_ofFn]",
   "level": "info"},
  {"message":
   "fast_verified_mul/schonhage_strassen_2.lean:259:4: 'generalize_proofs at *' uses '⊢'!",
   "level": "info"},
  {"message":
   "fast_verified_mul/schonhage_strassen_2.lean:248:53: 'simp_all +decide [ List.range', two_mul ]' is a flexible tactic modifying '⊢'. Try 'simp_all?' and use the suggested 'simp_all only [...]'. Alternatively, use `suffices` to explicitly state the simplified form.\n\nNote: This linter can be disabled with `set_option linter.flexible false`",
   "level": "warning"},
  {"message":
   "fast_verified_mul/schonhage_strassen_2.lean:248:53: Try this:\n  [apply] simp_all +decide only [bind_pure_comp, map_pure, Std.Legacy.Range.forIn'_eq_forIn'_range',\n    Std.Legacy.Range.size, tsub_zero, add_tsub_cancel_right, Nat.div_one, List.forIn'_pure_yield_eq_foldl, bind_pure,\n    Id.run_pure, Vector.getElem_ofFn]",
   "level": "info"},
  {"message":
   "fast_verified_mul/schonhage_strassen_2.lean:262:4: 'exact List.map (fun x : { x // x ∈ List.range' 0 K } => ⟨x.val, by grind⟩) (List.range' 0 K |> List.attach)' uses '⊢'!",
   "level": "info"},
  {"message":
   "fast_verified_mul/schonhage_strassen_2.lean:248:53: 'simp_all +decide [ List.range', two_mul ]' is a flexible tactic modifying '⊢'. Try 'simp_all?' and use the suggested 'simp_all only [...]'. Alternatively, use `suffices` to explicitly state the simplified form.\n\nNote: This linter can be disabled with `set_option linter.flexible false`",
   "level": "warning"},
  {"message":
   "fast_verified_mul/schonhage_strassen_2.lean:248:53: Try this:\n  [apply] simp_all +decide only [bind_pure_comp, map_pure, Std.Legacy.Range.forIn'_eq_forIn'_range',\n    Std.Legacy.Range.size, tsub_zero, add_tsub_cancel_right, Nat.div_one, List.forIn'_pure_yield_eq_foldl, bind_pure,\n    Id.run_pure, Vector.getElem_ofFn]",
   "level": "info"},
  {"message":
   "fast_verified_mul/schonhage_strassen_2.lean:264:14: 'generalize_proofs at *' uses '⊢'!",
   "level": "info"},
  {"message":
   "fast_verified_mul/schonhage_strassen_2.lean:248:53: 'simp_all +decide [ List.range', two_mul ]' is a flexible tactic modifying '⊢'. Try 'simp_all?' and use the suggested 'simp_all only [...]'. Alternatively, use `suffices` to explicitly state the simplified form.\n\nNote: This linter can be disabled with `set_option linter.flexible false`",
   "level": "warning"},
  {"message":
   "fast_verified_mul/schonhage_strassen_2.lean:248:53: Try this:\n  [apply] simp_all +decide only [bind_pure_comp, map_pure, Std.Legacy.Range.forIn'_eq_forIn'_range',\n    Std.Legacy.Range.size, tsub_zero, add_tsub_cancel_right, Nat.div_one, List.forIn'_pure_yield_eq_foldl, bind_pure,\n    Id.run_pure, Vector.getElem_ofFn]",
   "level": "info"},
  {"message":
   "fast_verified_mul/schonhage_strassen_2.lean:264:14: 'generalize_proofs at *' uses '⊢'!",
   "level": "info"},
  {"message":
   "fast_verified_mul/schonhage_strassen_2.lean:248:53: 'simp_all +decide [ List.range', two_mul ]' is a flexible tactic modifying '⊢'. Try 'simp_all?' and use the suggested 'simp_all only [...]'. Alternatively, use `suffices` to explicitly state the simplified form.\n\nNote: This linter can be disabled with `set_option linter.flexible false`",
   "level": "warning"},
  {"message":
   "fast_verified_mul/schonhage_strassen_2.lean:248:53: Try this:\n  [apply] simp_all +decide only [bind_pure_comp, map_pure, Std.Legacy.Range.forIn'_eq_forIn'_range',\n    Std.Legacy.Range.size, tsub_zero, add_tsub_cancel_right, Nat.div_one, List.forIn'_pure_yield_eq_foldl, bind_pure,\n    Id.run_pure, Vector.getElem_ofFn]",
   "level": "info"},
  {"message":
   "fast_verified_mul/schonhage_strassen_2.lean:264:14: 'generalize_proofs at *' uses '⊢'!",
   "level": "info"},
  {"message":
   "fast_verified_mul/schonhage_strassen_2.lean:248:53: 'simp_all +decide [ List.range', two_mul ]' is a flexible tactic modifying '⊢'. Try 'simp_all?' and use the suggested 'simp_all only [...]'. Alternatively, use `suffices` to explicitly state the simplified form.\n\nNote: This linter can be disabled with `set_option linter.flexible false`",
   "level": "warning"},
  {"message":
   "fast_verified_mul/schonhage_strassen_2.lean:248:53: Try this:\n  [apply] simp_all +decide only [bind_pure_comp, map_pure, Std.Legacy.Range.forIn'_eq_forIn'_range',\n    Std.Legacy.Range.size, tsub_zero, add_tsub_cancel_right, Nat.div_one, List.forIn'_pure_yield_eq_foldl, bind_pure,\n    Id.run_pure, Vector.getElem_ofFn]",
   "level": "info"},
  {"message":
   "fast_verified_mul/schonhage_strassen_2.lean:266:6: 'congr! 2' uses '⊢'!",
   "level": "info"},
  {"message":
   "fast_verified_mul/schonhage_strassen_2.lean:248:53: 'simp_all +decide [ List.range', two_mul ]' is a flexible tactic modifying '⊢'. Try 'simp_all?' and use the suggested 'simp_all only [...]'. Alternatively, use `suffices` to explicitly state the simplified form.\n\nNote: This linter can be disabled with `set_option linter.flexible false`",
   "level": "warning"},
  {"message":
   "fast_verified_mul/schonhage_strassen_2.lean:248:53: Try this:\n  [apply] simp_all +decide only [bind_pure_comp, map_pure, Std.Legacy.Range.forIn'_eq_forIn'_range',\n    Std.Legacy.Range.size, tsub_zero, add_tsub_cancel_right, Nat.div_one, List.forIn'_pure_yield_eq_foldl, bind_pure,\n    Id.run_pure, Vector.getElem_ofFn]",
   "level": "info"},
  {"message":
   "fast_verified_mul/schonhage_strassen_2.lean:267:6: 'generalize_proofs at *' uses '⊢'!",
   "level": "info"},
  {"message":
   "fast_verified_mul/schonhage_strassen_2.lean:248:53: 'simp_all +decide [ List.range', two_mul ]' is a flexible tactic modifying '⊢'. Try 'simp_all?' and use the suggested 'simp_all only [...]'. Alternatively, use `suffices` to explicitly state the simplified form.\n\nNote: This linter can be disabled with `set_option linter.flexible false`",
   "level": "warning"},
  {"message":
   "fast_verified_mul/schonhage_strassen_2.lean:248:53: Try this:\n  [apply] simp_all +decide only [bind_pure_comp, map_pure, Std.Legacy.Range.forIn'_eq_forIn'_range',\n    Std.Legacy.Range.size, tsub_zero, add_tsub_cancel_right, Nat.div_one, List.forIn'_pure_yield_eq_foldl, bind_pure,\n    Id.run_pure, Vector.getElem_ofFn]",
   "level": "info"},
  {"message":
   "fast_verified_mul/schonhage_strassen_2.lean:268:6: 'induction' (List.range' 0 K).attach using List.reverseRecOn with x xs ih' uses '⊢'!",
   "level": "info"},
  {"message":
   "fast_verified_mul/schonhage_strassen_2.lean:248:53: 'simp_all +decide [ List.range', two_mul ]' is a flexible tactic modifying '⊢'. Try 'simp_all?' and use the suggested 'simp_all only [...]'. Alternatively, use `suffices` to explicitly state the simplified form.\n\nNote: This linter can be disabled with `set_option linter.flexible false`",
   "level": "warning"},
  {"message":
   "fast_verified_mul/schonhage_strassen_2.lean:248:53: Try this:\n  [apply] simp_all +decide only [bind_pure_comp, map_pure, Std.Legacy.Range.forIn'_eq_forIn'_range',\n    Std.Legacy.Range.size, tsub_zero, add_tsub_cancel_right, Nat.div_one, List.forIn'_pure_yield_eq_foldl, bind_pure,\n    Id.run_pure, Vector.getElem_ofFn]",
   "level": "info"},
  {"message":
   "fast_verified_mul/schonhage_strassen_2.lean:276:4: 'have h_foldl :\n  ∀ (l : List (Fin K)),\n    (∀ j ∈ l, j.val < K) →\n      (List.foldl\n            (fun (b : Vector α (2 * K)) (x : Fin K) =>\n              (b.set x.val (f x) (by linarith [Fin.is_lt x])).set (x.val + K) (g x) (by linarith [Fin.is_lt x]))\n            (Vector.replicate (2 * K) a₀) l)[K + j] =\n        if ⟨j, by grind⟩ ∈ l then g ⟨j, by grind⟩ else a₀ :=\n  by intro l hl; induction' l using List.reverseRecOn with l ih <;> simp_all +decide [List.foldl]; grind' uses '⊢'!",
   "level": "info"},
  {"message":
   "fast_verified_mul/schonhage_strassen_2.lean:248:53: 'simp_all +decide [ List.range', two_mul ]' is a flexible tactic modifying '⊢'. Try 'simp_all?' and use the suggested 'simp_all only [...]'. Alternatively, use `suffices` to explicitly state the simplified form.\n\nNote: This linter can be disabled with `set_option linter.flexible false`",
   "level": "warning"},
  {"message":
   "fast_verified_mul/schonhage_strassen_2.lean:248:53: Try this:\n  [apply] simp_all +decide only [bind_pure_comp, map_pure, Std.Legacy.Range.forIn'_eq_forIn'_range',\n    Std.Legacy.Range.size, tsub_zero, add_tsub_cancel_right, Nat.div_one, List.forIn'_pure_yield_eq_foldl, bind_pure,\n    Id.run_pure, Vector.getElem_ofFn]",
   "level": "info"},
  {"message":
   "fast_verified_mul/schonhage_strassen_2.lean:283:4: 'generalize_proofs at *' uses '⊢'!",
   "level": "info"},
  {"message":
   "fast_verified_mul/schonhage_strassen_2.lean:248:53: 'simp_all +decide [ List.range', two_mul ]' is a flexible tactic modifying '⊢'. Try 'simp_all?' and use the suggested 'simp_all only [...]'. Alternatively, use `suffices` to explicitly state the simplified form.\n\nNote: This linter can be disabled with `set_option linter.flexible false`",
   "level": "warning"},
  {"message":
   "fast_verified_mul/schonhage_strassen_2.lean:248:53: Try this:\n  [apply] simp_all +decide only [bind_pure_comp, map_pure, Std.Legacy.Range.forIn'_eq_forIn'_range',\n    Std.Legacy.Range.size, tsub_zero, add_tsub_cancel_right, Nat.div_one, List.forIn'_pure_yield_eq_foldl, bind_pure,\n    Id.run_pure, Vector.getElem_ofFn]",
   "level": "info"},
  {"message":
   "fast_verified_mul/schonhage_strassen_2.lean:284:4: 'convert h_foldl _ _ using 1' uses '⊢'!",
   "level": "info"},
  {"message":
   "fast_verified_mul/schonhage_strassen_2.lean:248:53: 'simp_all +decide [ List.range', two_mul ]' is a flexible tactic modifying '⊢'. Try 'simp_all?' and use the suggested 'simp_all only [...]'. Alternatively, use `suffices` to explicitly state the simplified form.\n\nNote: This linter can be disabled with `set_option linter.flexible false`",
   "level": "warning"},
  {"message":
   "fast_verified_mul/schonhage_strassen_2.lean:248:53: Try this:\n  [apply] simp_all +decide only [bind_pure_comp, map_pure, Std.Legacy.Range.forIn'_eq_forIn'_range',\n    Std.Legacy.Range.size, tsub_zero, add_tsub_cancel_right, Nat.div_one, List.forIn'_pure_yield_eq_foldl, bind_pure,\n    Id.run_pure, Vector.getElem_ofFn]",
   "level": "info"},
  {"message":
   "fast_verified_mul/schonhage_strassen_2.lean:287:4: 'exact List.map (fun x : { x // x ∈ List.range' 0 K } => ⟨x.val, by grind⟩) (List.range' 0 K |> List.attach)' uses '⊢'!",
   "level": "info"},
  {"message":
   "fast_verified_mul/schonhage_strassen_2.lean:248:53: 'simp_all +decide [ List.range', two_mul ]' is a flexible tactic modifying '⊢'. Try 'simp_all?' and use the suggested 'simp_all only [...]'. Alternatively, use `suffices` to explicitly state the simplified form.\n\nNote: This linter can be disabled with `set_option linter.flexible false`",
   "level": "warning"},
  {"message":
   "fast_verified_mul/schonhage_strassen_2.lean:248:53: Try this:\n  [apply] simp_all +decide only [bind_pure_comp, map_pure, Std.Legacy.Range.forIn'_eq_forIn'_range',\n    Std.Legacy.Range.size, tsub_zero, add_tsub_cancel_right, Nat.div_one, List.forIn'_pure_yield_eq_foldl, bind_pure,\n    Id.run_pure, Vector.getElem_ofFn]",
   "level": "info"},
  {"message":
   "fast_verified_mul/schonhage_strassen_2.lean:289:14: 'generalize_proofs at *' uses '⊢'!",
   "level": "info"},
  {"message":
   "fast_verified_mul/schonhage_strassen_2.lean:248:53: 'simp_all +decide [ List.range', two_mul ]' is a flexible tactic modifying '⊢'. Try 'simp_all?' and use the suggested 'simp_all only [...]'. Alternatively, use `suffices` to explicitly state the simplified form.\n\nNote: This linter can be disabled with `set_option linter.flexible false`",
   "level": "warning"},
  {"message":
   "fast_verified_mul/schonhage_strassen_2.lean:248:53: Try this:\n  [apply] simp_all +decide only [bind_pure_comp, map_pure, Std.Legacy.Range.forIn'_eq_forIn'_range',\n    Std.Legacy.Range.size, tsub_zero, add_tsub_cancel_right, Nat.div_one, List.forIn'_pure_yield_eq_foldl, bind_pure,\n    Id.run_pure, Vector.getElem_ofFn]",
   "level": "info"},
  {"message":
   "fast_verified_mul/schonhage_strassen_2.lean:289:14: 'generalize_proofs at *' uses '⊢'!",
   "level": "info"},
  {"message":
   "fast_verified_mul/schonhage_strassen_2.lean:248:53: 'simp_all +decide [ List.range', two_mul ]' is a flexible tactic modifying '⊢'. Try 'simp_all?' and use the suggested 'simp_all only [...]'. Alternatively, use `suffices` to explicitly state the simplified form.\n\nNote: This linter can be disabled with `set_option linter.flexible false`",
   "level": "warning"},
  {"message":
   "fast_verified_mul/schonhage_strassen_2.lean:248:53: Try this:\n  [apply] simp_all +decide only [bind_pure_comp, map_pure, Std.Legacy.Range.forIn'_eq_forIn'_range',\n    Std.Legacy.Range.size, tsub_zero, add_tsub_cancel_right, Nat.div_one, List.forIn'_pure_yield_eq_foldl, bind_pure,\n    Id.run_pure, Vector.getElem_ofFn]",
   "level": "info"},
  {"message":
   "fast_verified_mul/schonhage_strassen_2.lean:289:14: 'generalize_proofs at *' uses '⊢'!",
   "level": "info"},
  {"message":
   "fast_verified_mul/schonhage_strassen_2.lean:248:53: 'simp_all +decide [ List.range', two_mul ]' is a flexible tactic modifying '⊢'. Try 'simp_all?' and use the suggested 'simp_all only [...]'. Alternatively, use `suffices` to explicitly state the simplified form.\n\nNote: This linter can be disabled with `set_option linter.flexible false`",
   "level": "warning"},
  {"message":
   "fast_verified_mul/schonhage_strassen_2.lean:248:53: Try this:\n  [apply] simp_all +decide only [bind_pure_comp, map_pure, Std.Legacy.Range.forIn'_eq_forIn'_range',\n    Std.Legacy.Range.size, tsub_zero, add_tsub_cancel_right, Nat.div_one, List.forIn'_pure_yield_eq_foldl, bind_pure,\n    Id.run_pure, Vector.getElem_ofFn]",
   "level": "info"},
  {"message":
   "fast_verified_mul/schonhage_strassen_2.lean:291:6: 'rw [List.foldl_map]' uses '⊢'!",
   "level": "info"},
  {"message":
   "fast_verified_mul/schonhage_strassen_2.lean:248:53: 'simp_all +decide [ List.range', two_mul ]' is a flexible tactic modifying '⊢'. Try 'simp_all?' and use the suggested 'simp_all only [...]'. Alternatively, use `suffices` to explicitly state the simplified form.\n\nNote: This linter can be disabled with `set_option linter.flexible false`",
   "level": "warning"},
  {"message":
   "fast_verified_mul/schonhage_strassen_2.lean:248:53: Try this:\n  [apply] simp_all +decide only [bind_pure_comp, map_pure, Std.Legacy.Range.forIn'_eq_forIn'_range',\n    Std.Legacy.Range.size, tsub_zero, add_tsub_cancel_right, Nat.div_one, List.forIn'_pure_yield_eq_foldl, bind_pure,\n    Id.run_pure, Vector.getElem_ofFn]",
   "level": "info"},
  {"message":
   "fast_verified_mul/schonhage_strassen_2.lean:293:6: 'exact fun h => False.elim <| by linarith;' uses '⊢'!",
   "level": "info"},
  {"message":
   "fast_verified_mul/schonhage_strassen_2.lean:259:4: The following tactic starts with 4 goals and ends with 4 goals, 3 of which are not operated on.\n  generalize_proofs at *\nPlease focus on the current goal, for instance using `·` (typed as \"\\.\").\n\nNote: This linter can be disabled with `set_option linter.style.multiGoal false`",
   "level": "warning"},
  {"message":
   "fast_verified_mul/schonhage_strassen_2.lean:262:4: The following tactic starts with 4 goals and ends with 3 goals, 3 of which are not operated on.\n  exact List.map (fun x : { x // x ∈ List.range' 0 K } => ⟨x.val, by grind⟩) (List.range' 0 K |> List.attach)\nPlease focus on the current goal, for instance using `·` (typed as \"\\.\").\n\nNote: This linter can be disabled with `set_option linter.style.multiGoal false`",
   "level": "warning"},
  {"message":
   "fast_verified_mul/schonhage_strassen_2.lean:287:4: The following tactic starts with 4 goals and ends with 3 goals, 3 of which are not operated on.\n  exact List.map (fun x : { x // x ∈ List.range' 0 K } => ⟨x.val, by grind⟩) (List.range' 0 K |> List.attach)\nPlease focus on the current goal, for instance using `·` (typed as \"\\.\").\n\nNote: This linter can be disabled with `set_option linter.style.multiGoal false`",
   "level": "warning"},
  {"message":
   "fast_verified_mul/schonhage_strassen_2.lean:249:100: This line exceeds the 100 character limit, please shorten it!\n\nNote: This linter can be disabled with `set_option linter.style.longLine false`",
   "level": "warning"},
  {"message":
   "fast_verified_mul/schonhage_strassen_2.lean:250:100: This line exceeds the 100 character limit, please shorten it!\n\nNote: This linter can be disabled with `set_option linter.style.longLine false`",
   "level": "warning"},
  {"message":
   "fast_verified_mul/schonhage_strassen_2.lean:254:100: This line exceeds the 100 character limit, please shorten it!\n\nNote: This linter can be disabled with `set_option linter.style.longLine false`",
   "level": "warning"},
  {"message":
   "fast_verified_mul/schonhage_strassen_2.lean:255:100: This line exceeds the 100 character limit, please shorten it!\n\nNote: This linter can be disabled with `set_option linter.style.longLine false`",
   "level": "warning"},
  {"message":
   "fast_verified_mul/schonhage_strassen_2.lean:268:100: This line exceeds the 100 character limit, please shorten it!\n\nNote: This linter can be disabled with `set_option linter.style.longLine false`",
   "level": "warning"},
  {"message":
   "fast_verified_mul/schonhage_strassen_2.lean:276:100: This line exceeds the 100 character limit, please shorten it!\n\nNote: This linter can be disabled with `set_option linter.style.longLine false`",
   "level": "warning"},
  {"message":
   "fast_verified_mul/schonhage_strassen_2.lean:281:100: This line exceeds the 100 character limit, please shorten it!\n\nNote: This linter can be disabled with `set_option linter.style.longLine false`",
   "level": "warning"},
  {"message":
   "fast_verified_mul/schonhage_strassen_2.lean:309:45: This simp argument is unused:\n  Vector.getElem_set\n\nHint: Omit it from the simp argument list.\n  simp_all +decide ̵[̵ ̵V̵e̵c̵t̵o̵r̵.̵g̵e̵t̵E̵l̵e̵m̵_̵s̵e̵t̵ ̵]̵\n\nNote: This linter can be disabled with `set_option linter.unusedSimpArgs false`",
   "level": "warning"},
  {"message":
   "fast_verified_mul/schonhage_strassen_2.lean:299:2: The `induction'` tactic is discouraged: please strongly consider using `induction` instead.\n\nNote: This linter can be disabled with `set_option linter.style.induction false`",
   "level": "warning"},
  {"message":
   "fast_verified_mul/schonhage_strassen_2.lean:305:8: The `induction'` tactic is discouraged: please strongly consider using `induction` instead.\n\nNote: This linter can be disabled with `set_option linter.style.induction false`",
   "level": "warning"},
  {"message":
   "fast_verified_mul/schonhage_strassen_2.lean:312:12: The `induction'` tactic is discouraged: please strongly consider using `induction` instead.\n\nNote: This linter can be disabled with `set_option linter.style.induction false`",
   "level": "warning"},
  {"message":
   "fast_verified_mul/schonhage_strassen_2.lean:314:8: The `induction'` tactic is discouraged: please strongly consider using `induction` instead.\n\nNote: This linter can be disabled with `set_option linter.style.induction false`",
   "level": "warning"},
  {"message":
   "fast_verified_mul/schonhage_strassen_2.lean:319:17: The `induction'` tactic is discouraged: please strongly consider using `induction` instead.\n\nNote: This linter can be disabled with `set_option linter.style.induction false`",
   "level": "warning"},
  {"message":
   "fast_verified_mul/schonhage_strassen_2.lean:327:8: The `induction'` tactic is discouraged: please strongly consider using `induction` instead.\n\nNote: This linter can be disabled with `set_option linter.style.induction false`",
   "level": "warning"},
  {"message":
   "fast_verified_mul/schonhage_strassen_2.lean:294:0: Please, add a comment explaining the need for modifying the maxHeartbeat limit, as in\nset_option maxHeartbeats 1600000 in\n-- reason for change\n...\n\nNote: This linter can be disabled with `set_option linter.style.maxHeartbeats false`",
   "level": "warning"},
  {"message":
   "fast_verified_mul/schonhage_strassen_2.lean:301:4: 'simp_all +decide [ List.range'_concat ]' is a flexible tactic modifying '⊢'. Try 'simp_all?' and use the suggested 'simp_all only [...]'. Alternatively, use `suffices` to explicitly state the simplified form.\n\nNote: This linter can be disabled with `set_option linter.flexible false`",
   "level": "warning"},
  {"message":
   "fast_verified_mul/schonhage_strassen_2.lean:301:4: Try this:\n  [apply] simp_all +decide only [bind_pure_comp, map_pure, Std.Legacy.Range.forIn'_eq_forIn'_range',\n    Std.Legacy.Range.size, tsub_zero, add_tsub_cancel_right, Nat.div_one, List.forIn'_pure_yield_eq_foldl, pure_bind,\n    bind_pure, Id.run_pure]",
   "level": "info"},
  {"message":
   "fast_verified_mul/schonhage_strassen_2.lean:303:4: 'congr! 1' uses '⊢'!",
   "level": "info"},
  {"message":
   "fast_verified_mul/schonhage_strassen_2.lean:301:4: 'simp_all +decide [ List.range'_concat ]' is a flexible tactic modifying '⊢'. Try 'simp_all?' and use the suggested 'simp_all only [...]'. Alternatively, use `suffices` to explicitly state the simplified form.\n\nNote: This linter can be disabled with `set_option linter.flexible false`",
   "level": "warning"},
  {"message":
   "fast_verified_mul/schonhage_strassen_2.lean:301:4: Try this:\n  [apply] simp_all +decide only [bind_pure_comp, map_pure, Std.Legacy.Range.forIn'_eq_forIn'_range',\n    Std.Legacy.Range.size, tsub_zero, add_tsub_cancel_right, Nat.div_one, List.forIn'_pure_yield_eq_foldl, pure_bind,\n    bind_pure, Id.run_pure]",
   "level": "info"},
  {"message":
   "fast_verified_mul/schonhage_strassen_2.lean:304:6: 'convert congr_arg (fun x : Vector R n => x.push 1) ih using 1' uses '⊢'!",
   "level": "info"},
  {"message":
   "fast_verified_mul/schonhage_strassen_2.lean:301:4: 'simp_all +decide [ List.range'_concat ]' is a flexible tactic modifying '⊢'. Try 'simp_all?' and use the suggested 'simp_all only [...]'. Alternatively, use `suffices` to explicitly state the simplified form.\n\nNote: This linter can be disabled with `set_option linter.flexible false`",
   "level": "warning"},
  {"message":
   "fast_verified_mul/schonhage_strassen_2.lean:301:4: Try this:\n  [apply] simp_all +decide only [bind_pure_comp, map_pure, Std.Legacy.Range.forIn'_eq_forIn'_range',\n    Std.Legacy.Range.size, tsub_zero, add_tsub_cancel_right, Nat.div_one, List.forIn'_pure_yield_eq_foldl, pure_bind,\n    bind_pure, Id.run_pure]",
   "level": "info"},
  {"message":
   "fast_verified_mul/schonhage_strassen_2.lean:305:8: 'induction' (List.range' 0 n).attach using List.reverseRecOn with x xs ih' uses '⊢'!",
   "level": "info"},
  {"message":
   "fast_verified_mul/schonhage_strassen_2.lean:301:4: 'simp_all +decide [ List.range'_concat ]' is a flexible tactic modifying '⊢'. Try 'simp_all?' and use the suggested 'simp_all only [...]'. Alternatively, use `suffices` to explicitly state the simplified form.\n\nNote: This linter can be disabled with `set_option linter.flexible false`",
   "level": "warning"},
  {"message":
   "fast_verified_mul/schonhage_strassen_2.lean:301:4: Try this:\n  [apply] simp_all +decide only [bind_pure_comp, map_pure, Std.Legacy.Range.forIn'_eq_forIn'_range',\n    Std.Legacy.Range.size, tsub_zero, add_tsub_cancel_right, Nat.div_one, List.forIn'_pure_yield_eq_foldl, pure_bind,\n    bind_pure, Id.run_pure]",
   "level": "info"},
  {"message":
   "fast_verified_mul/schonhage_strassen_2.lean:307:10: 'ext i' uses '⊢'!",
   "level": "info"},
  {"message":
   "fast_verified_mul/schonhage_strassen_2.lean:301:4: 'simp_all +decide [ List.range'_concat ]' is a flexible tactic modifying '⊢'. Try 'simp_all?' and use the suggested 'simp_all only [...]'. Alternatively, use `suffices` to explicitly state the simplified form.\n\nNote: This linter can be disabled with `set_option linter.flexible false`",
   "level": "warning"},
  {"message":
   "fast_verified_mul/schonhage_strassen_2.lean:301:4: Try this:\n  [apply] simp_all +decide only [bind_pure_comp, map_pure, Std.Legacy.Range.forIn'_eq_forIn'_range',\n    Std.Legacy.Range.size, tsub_zero, add_tsub_cancel_right, Nat.div_one, List.forIn'_pure_yield_eq_foldl, pure_bind,\n    bind_pure, Id.run_pure]",
   "level": "info"},
  {"message":
   "fast_verified_mul/schonhage_strassen_2.lean:310:12: 'rename_i k hk₁ hk₂' uses '⊢'!",
   "level": "info"},
  {"message":
   "fast_verified_mul/schonhage_strassen_2.lean:301:4: 'simp_all +decide [ List.range'_concat ]' is a flexible tactic modifying '⊢'. Try 'simp_all?' and use the suggested 'simp_all only [...]'. Alternatively, use `suffices` to explicitly state the simplified form.\n\nNote: This linter can be disabled with `set_option linter.flexible false`",
   "level": "warning"},
  {"message":
   "fast_verified_mul/schonhage_strassen_2.lean:301:4: Try this:\n  [apply] simp_all +decide only [bind_pure_comp, map_pure, Std.Legacy.Range.forIn'_eq_forIn'_range',\n    Std.Legacy.Range.size, tsub_zero, add_tsub_cancel_right, Nat.div_one, List.forIn'_pure_yield_eq_foldl, pure_bind,\n    bind_pure, Id.run_pure]",
   "level": "info"},
  {"message":
   "fast_verified_mul/schonhage_strassen_2.lean:311:12: 'clear hk₁ hk₂ ih' uses '⊢'!",
   "level": "info"},
  {"message":
   "fast_verified_mul/schonhage_strassen_2.lean:301:4: 'simp_all +decide [ List.range'_concat ]' is a flexible tactic modifying '⊢'. Try 'simp_all?' and use the suggested 'simp_all only [...]'. Alternatively, use `suffices` to explicitly state the simplified form.\n\nNote: This linter can be disabled with `set_option linter.flexible false`",
   "level": "warning"},
  {"message":
   "fast_verified_mul/schonhage_strassen_2.lean:301:4: Try this:\n  [apply] simp_all +decide only [bind_pure_comp, map_pure, Std.Legacy.Range.forIn'_eq_forIn'_range',\n    Std.Legacy.Range.size, tsub_zero, add_tsub_cancel_right, Nat.div_one, List.forIn'_pure_yield_eq_foldl, pure_bind,\n    bind_pure, Id.run_pure]",
   "level": "info"},
  {"message":
   "fast_verified_mul/schonhage_strassen_2.lean:312:12: 'induction' x using List.reverseRecOn with x xs ih' uses '⊢'!",
   "level": "info"},
  {"message":
   "fast_verified_mul/schonhage_strassen_2.lean:301:4: 'simp_all +decide [ List.range'_concat ]' is a flexible tactic modifying '⊢'. Try 'simp_all?' and use the suggested 'simp_all only [...]'. Alternatively, use `suffices` to explicitly state the simplified form.\n\nNote: This linter can be disabled with `set_option linter.flexible false`",
   "level": "warning"},
  {"message":
   "fast_verified_mul/schonhage_strassen_2.lean:301:4: Try this:\n  [apply] simp_all +decide only [bind_pure_comp, map_pure, Std.Legacy.Range.forIn'_eq_forIn'_range',\n    Std.Legacy.Range.size, tsub_zero, add_tsub_cancel_right, Nat.div_one, List.forIn'_pure_yield_eq_foldl, pure_bind,\n    bind_pure, Id.run_pure]",
   "level": "info"},
  {"message":
   "fast_verified_mul/schonhage_strassen_2.lean:314:8: 'induction' (List.range' 0 n).attach using List.reverseRecOn with x xs ih' uses '⊢'!",
   "level": "info"},
  {"message":
   "fast_verified_mul/schonhage_strassen_2.lean:301:4: 'simp_all +decide [ List.range'_concat ]' is a flexible tactic modifying '⊢'. Try 'simp_all?' and use the suggested 'simp_all only [...]'. Alternatively, use `suffices` to explicitly state the simplified form.\n\nNote: This linter can be disabled with `set_option linter.flexible false`",
   "level": "warning"},
  {"message":
   "fast_verified_mul/schonhage_strassen_2.lean:301:4: Try this:\n  [apply] simp_all +decide only [bind_pure_comp, map_pure, Std.Legacy.Range.forIn'_eq_forIn'_range',\n    Std.Legacy.Range.size, tsub_zero, add_tsub_cancel_right, Nat.div_one, List.forIn'_pure_yield_eq_foldl, pure_bind,\n    bind_pure, Id.run_pure]",
   "level": "info"},
  {"message":
   "fast_verified_mul/schonhage_strassen_2.lean:317:6: 'have h_foldl :\n  ∀ (l : List (Fin n)),\n    (List.foldl\n          (fun (x : Vector R (n + 1) × R) (y : Fin n) => ⟨x.1.set y.val x.2 (by exact Nat.lt_succ_of_lt y.2), x.2 * ω⟩)\n          ⟨Vector.replicate (n + 1) 1, 1⟩ l).2 =\n      ω ^ l.length :=\n  by intro l; induction' l using List.reverseRecOn with l ih <;> simp_all +decide [pow_succ']; ring' uses '⊢'!",
   "level": "info"},
  {"message":
   "fast_verified_mul/schonhage_strassen_2.lean:301:4: 'simp_all +decide [ List.range'_concat ]' is a flexible tactic modifying '⊢'. Try 'simp_all?' and use the suggested 'simp_all only [...]'. Alternatively, use `suffices` to explicitly state the simplified form.\n\nNote: This linter can be disabled with `set_option linter.flexible false`",
   "level": "warning"},
  {"message":
   "fast_verified_mul/schonhage_strassen_2.lean:301:4: Try this:\n  [apply] simp_all +decide only [bind_pure_comp, map_pure, Std.Legacy.Range.forIn'_eq_forIn'_range',\n    Std.Legacy.Range.size, tsub_zero, add_tsub_cancel_right, Nat.div_one, List.forIn'_pure_yield_eq_foldl, pure_bind,\n    bind_pure, Id.run_pure]",
   "level": "info"},
  {"message":
   "fast_verified_mul/schonhage_strassen_2.lean:321:6: 'generalize_proofs at *' uses '⊢'!",
   "level": "info"},
  {"message":
   "fast_verified_mul/schonhage_strassen_2.lean:301:4: 'simp_all +decide [ List.range'_concat ]' is a flexible tactic modifying '⊢'. Try 'simp_all?' and use the suggested 'simp_all only [...]'. Alternatively, use `suffices` to explicitly state the simplified form.\n\nNote: This linter can be disabled with `set_option linter.flexible false`",
   "level": "warning"},
  {"message":
   "fast_verified_mul/schonhage_strassen_2.lean:301:4: Try this:\n  [apply] simp_all +decide only [bind_pure_comp, map_pure, Std.Legacy.Range.forIn'_eq_forIn'_range',\n    Std.Legacy.Range.size, tsub_zero, add_tsub_cancel_right, Nat.div_one, List.forIn'_pure_yield_eq_foldl, pure_bind,\n    bind_pure, Id.run_pure]",
   "level": "info"},
  {"message":
   "fast_verified_mul/schonhage_strassen_2.lean:322:6: 'convert h_foldl _' uses '⊢'!",
   "level": "info"},
  {"message":
   "fast_verified_mul/schonhage_strassen_2.lean:301:4: 'simp_all +decide [ List.range'_concat ]' is a flexible tactic modifying '⊢'. Try 'simp_all?' and use the suggested 'simp_all only [...]'. Alternatively, use `suffices` to explicitly state the simplified form.\n\nNote: This linter can be disabled with `set_option linter.flexible false`",
   "level": "warning"},
  {"message":
   "fast_verified_mul/schonhage_strassen_2.lean:301:4: Try this:\n  [apply] simp_all +decide only [bind_pure_comp, map_pure, Std.Legacy.Range.forIn'_eq_forIn'_range',\n    Std.Legacy.Range.size, tsub_zero, add_tsub_cancel_right, Nat.div_one, List.forIn'_pure_yield_eq_foldl, pure_bind,\n    bind_pure, Id.run_pure]",
   "level": "info"},
  {"message":
   "fast_verified_mul/schonhage_strassen_2.lean:324:6: 'exact List.map (fun x : { x // x ∈ List.range' 0 n } => ⟨x.val, by grind⟩) (List.range' 0 n |> List.attach)' uses '⊢'!",
   "level": "info"},
  {"message":
   "fast_verified_mul/schonhage_strassen_2.lean:301:4: 'simp_all +decide [ List.range'_concat ]' is a flexible tactic modifying '⊢'. Try 'simp_all?' and use the suggested 'simp_all only [...]'. Alternatively, use `suffices` to explicitly state the simplified form.\n\nNote: This linter can be disabled with `set_option linter.flexible false`",
   "level": "warning"},
  {"message":
   "fast_verified_mul/schonhage_strassen_2.lean:301:4: Try this:\n  [apply] simp_all +decide only [bind_pure_comp, map_pure, Std.Legacy.Range.forIn'_eq_forIn'_range',\n    Std.Legacy.Range.size, tsub_zero, add_tsub_cancel_right, Nat.div_one, List.forIn'_pure_yield_eq_foldl, pure_bind,\n    bind_pure, Id.run_pure]",
   "level": "info"},
  {"message":
   "fast_verified_mul/schonhage_strassen_2.lean:326:16: 'generalize_proofs at *' uses '⊢'!",
   "level": "info"},
  {"message":
   "fast_verified_mul/schonhage_strassen_2.lean:301:4: 'simp_all +decide [ List.range'_concat ]' is a flexible tactic modifying '⊢'. Try 'simp_all?' and use the suggested 'simp_all only [...]'. Alternatively, use `suffices` to explicitly state the simplified form.\n\nNote: This linter can be disabled with `set_option linter.flexible false`",
   "level": "warning"},
  {"message":
   "fast_verified_mul/schonhage_strassen_2.lean:301:4: Try this:\n  [apply] simp_all +decide only [bind_pure_comp, map_pure, Std.Legacy.Range.forIn'_eq_forIn'_range',\n    Std.Legacy.Range.size, tsub_zero, add_tsub_cancel_right, Nat.div_one, List.forIn'_pure_yield_eq_foldl, pure_bind,\n    bind_pure, Id.run_pure]",
   "level": "info"},
  {"message":
   "fast_verified_mul/schonhage_strassen_2.lean:326:16: 'generalize_proofs at *' uses '⊢'!",
   "level": "info"},
  {"message":
   "fast_verified_mul/schonhage_strassen_2.lean:301:4: 'simp_all +decide [ List.range'_concat ]' is a flexible tactic modifying '⊢'. Try 'simp_all?' and use the suggested 'simp_all only [...]'. Alternatively, use `suffices` to explicitly state the simplified form.\n\nNote: This linter can be disabled with `set_option linter.flexible false`",
   "level": "warning"},
  {"message":
   "fast_verified_mul/schonhage_strassen_2.lean:301:4: Try this:\n  [apply] simp_all +decide only [bind_pure_comp, map_pure, Std.Legacy.Range.forIn'_eq_forIn'_range',\n    Std.Legacy.Range.size, tsub_zero, add_tsub_cancel_right, Nat.div_one, List.forIn'_pure_yield_eq_foldl, pure_bind,\n    bind_pure, Id.run_pure]",
   "level": "info"},
  {"message":
   "fast_verified_mul/schonhage_strassen_2.lean:327:8: 'induction' (List.range' 0 n).attach using List.reverseRecOn with l ih' uses '⊢'!",
   "level": "info"},
  {"message":
   "fast_verified_mul/schonhage_strassen_2.lean:324:6: The following tactic starts with 3 goals and ends with 2 goals, 2 of which are not operated on.\n  exact List.map (fun x : { x // x ∈ List.range' 0 n } => ⟨x.val, by grind⟩) (List.range' 0 n |> List.attach)\nPlease focus on the current goal, for instance using `·` (typed as \"\\.\").\n\nNote: This linter can be disabled with `set_option linter.style.multiGoal false`",
   "level": "warning"},
  {"message":
   "fast_verified_mul/schonhage_strassen_2.lean:305:100: This line exceeds the 100 character limit, please shorten it!\n\nNote: This linter can be disabled with `set_option linter.style.longLine false`",
   "level": "warning"},
  {"message":
   "fast_verified_mul/schonhage_strassen_2.lean:314:100: This line exceeds the 100 character limit, please shorten it!\n\nNote: This linter can be disabled with `set_option linter.style.longLine false`",
   "level": "warning"},
  {"message":
   "fast_verified_mul/schonhage_strassen_2.lean:317:100: This line exceeds the 100 character limit, please shorten it!\n\nNote: This linter can be disabled with `set_option linter.style.longLine false`",
   "level": "warning"},
  {"message":
   "fast_verified_mul/schonhage_strassen_2.lean:318:100: This line exceeds the 100 character limit, please shorten it!\n\nNote: This linter can be disabled with `set_option linter.style.longLine false`",
   "level": "warning"},
  {"message":
   "fast_verified_mul/schonhage_strassen_2.lean:327:100: This line exceeds the 100 character limit, please shorten it!\n\nNote: This linter can be disabled with `set_option linter.style.longLine false`",
   "level": "warning"},
  {"message":
   "fast_verified_mul/schonhage_strassen_2.lean:333:0: Please, add a comment explaining the need for modifying the maxHeartbeat limit, as in\nset_option maxHeartbeats 800000 in\n-- reason for change\n...\n\nNote: This linter can be disabled with `set_option linter.style.maxHeartbeats false`",
   "level": "warning"},
  {"message":
   "fast_verified_mul/schonhage_strassen_2.lean:343:0: Please, add a comment explaining the need for modifying the maxHeartbeat limit, as in\nset_option maxHeartbeats 800000 in\n-- reason for change\n...\n\nNote: This linter can be disabled with `set_option linter.style.maxHeartbeats false`",
   "level": "warning"},
  {"message":
   "fast_verified_mul/schonhage_strassen_2.lean:371:32: This simp argument is unused:\n  List.range'\n\nHint: Omit it from the simp argument list.\n  simp +decide [̵ ̵p̵o̵w̵_̵s̵u̵c̵c̵'̵,̵ ̵L̵i̵s̵t̵.̵r̵a̵n̵g̵e̵'̵ ̵]̵[̲p̲o̲w̲_̲s̲u̲c̲c̲'̲]̲\n\nNote: This linter can be disabled with `set_option linter.unusedSimpArgs false`",
   "level": "warning"},
  {"message":
   "fast_verified_mul/schonhage_strassen_2.lean:376:19: This simp argument is unused:\n  Vector.get_ofFn\n\nHint: Omit it from the simp argument list.\n  simp +decide [̵ ̵V̵e̵c̵t̵o̵r̵.̵g̵e̵t̵_̵o̵f̵F̵n̵,̵ ̵t̵_̵t̵a̵b̵l̵e̵_̵e̵q̵ ̵]̵[̲t̲_̲t̲a̲b̲l̲e̲_̲e̲q̲]̲\n\nNote: This linter can be disabled with `set_option linter.unusedSimpArgs false`",
   "level": "warning"},
  {"message":
   "fast_verified_mul/schonhage_strassen_2.lean:377:55: This simp argument is unused:\n  pow_add\n\nHint: Omit it from the simp argument list.\n  simp_all +decide [̵ ̵N̵a̵t̵.̵m̵o̵d̵_̵e̵q̵_̵o̵f̵_̵l̵t̵,̵ ̵p̵o̵w̵_̵a̵d̵d̵,̵[̲N̲a̲t̲.̲m̲o̲d̲_̲e̲q̲_̲o̲f̲_̲l̲t̲,̲ pow_mul, N̵T̵T̵ ̵]̵N̲T̲T̲]̲\n\nNote: This linter can be disabled with `set_option linter.unusedSimpArgs false`",
   "level": "warning"},
  {"message":
   "fast_verified_mul/schonhage_strassen_2.lean:354:0: Please, add a comment explaining the need for modifying the maxHeartbeat limit, as in\nset_option maxHeartbeats 3200000 in\n-- reason for change\n...\n\nNote: This linter can be disabled with `set_option linter.style.maxHeartbeats false`",
   "level": "warning"},
  {"message":
   "fast_verified_mul/schonhage_strassen_2.lean:365:14: 'simp +decide [ *, NTT_butterfly_get ]' is a flexible tactic modifying '⊢'. Try 'simp?' and use the suggested 'simp only [...]'. Alternatively, use `suffices` to explicitly state the simplified form.\n\nNote: This linter can be disabled with `set_option linter.flexible false`",
   "level": "warning"},
  {"message":
   "fast_verified_mul/schonhage_strassen_2.lean:365:14: Try this:\n  [apply] simp +decide only [bind_pure_comp, map_pure, Std.Legacy.Range.forIn'_eq_forIn'_range', Std.Legacy.Range.size,\n    tsub_zero, add_tsub_cancel_right, Nat.div_one, List.forIn'_pure_yield_eq_foldl, bind_pure, Id.run_pure,\n    Vector.getElem_ofFn]",
   "level": "info"},
  {"message":
   "fast_verified_mul/schonhage_strassen_2.lean:366:2: 'convert\n  congr_arg (fun v : Vector (ZMod m) (2 * 2 ^ k') => v[i])\n    (butterfly_loop_eq (2 ^ k') 0\n      (fun j =>\n        NTT (Vector.ofFn fun j : Fin (2 ^ k') => x[2 * j.val]).get (OMEGA ^ 2) j +\n          (t_table (2 ^ k') OMEGA)[j] * NTT (Vector.ofFn fun j : Fin (2 ^ k') => x[2 * j.val + 1]).get (OMEGA ^ 2) j)\n      (fun j =>\n        NTT (Vector.ofFn fun j : Fin (2 ^ k') => x[2 * j.val]).get (OMEGA ^ 2) j -\n          (t_table (2 ^ k') OMEGA)[j] *\n            NTT (Vector.ofFn fun j : Fin (2 ^ k') => x[2 * j.val + 1]).get (OMEGA ^ 2) j)) using\n  1' uses '⊢'!",
   "level": "info"},
  {"message":
   "fast_verified_mul/schonhage_strassen_2.lean:365:14: 'simp +decide [ *, NTT_butterfly_get ]' is a flexible tactic modifying '⊢'. Try 'simp?' and use the suggested 'simp only [...]'. Alternatively, use `suffices` to explicitly state the simplified form.\n\nNote: This linter can be disabled with `set_option linter.flexible false`",
   "level": "warning"},
  {"message":
   "fast_verified_mul/schonhage_strassen_2.lean:365:14: Try this:\n  [apply] simp +decide only [bind_pure_comp, map_pure, Std.Legacy.Range.forIn'_eq_forIn'_range', Std.Legacy.Range.size,\n    tsub_zero, add_tsub_cancel_right, Nat.div_one, List.forIn'_pure_yield_eq_foldl, bind_pure, Id.run_pure,\n    Vector.getElem_ofFn]",
   "level": "info"},
  {"message":
   "fast_verified_mul/schonhage_strassen_2.lean:367:4: 'congr! 2' uses '⊢'!",
   "level": "info"},
  {"message":
   "fast_verified_mul/schonhage_strassen_2.lean:365:14: 'simp +decide [ *, NTT_butterfly_get ]' is a flexible tactic modifying '⊢'. Try 'simp?' and use the suggested 'simp only [...]'. Alternatively, use `suffices` to explicitly state the simplified form.\n\nNote: This linter can be disabled with `set_option linter.flexible false`",
   "level": "warning"},
  {"message":
   "fast_verified_mul/schonhage_strassen_2.lean:365:14: Try this:\n  [apply] simp +decide only [bind_pure_comp, map_pure, Std.Legacy.Range.forIn'_eq_forIn'_range', Std.Legacy.Range.size,\n    tsub_zero, add_tsub_cancel_right, Nat.div_one, List.forIn'_pure_yield_eq_foldl, bind_pure, Id.run_pure,\n    Vector.getElem_ofFn]",
   "level": "info"},
  {"message":
   "fast_verified_mul/schonhage_strassen_2.lean:369:6: 'rw [pow_succ']' uses '⊢'!",
   "level": "info"},
  {"message":
   "fast_verified_mul/schonhage_strassen_2.lean:365:14: 'simp +decide [ *, NTT_butterfly_get ]' is a flexible tactic modifying '⊢'. Try 'simp?' and use the suggested 'simp only [...]'. Alternatively, use `suffices` to explicitly state the simplified form.\n\nNote: This linter can be disabled with `set_option linter.flexible false`",
   "level": "warning"},
  {"message":
   "fast_verified_mul/schonhage_strassen_2.lean:365:14: Try this:\n  [apply] simp +decide only [bind_pure_comp, map_pure, Std.Legacy.Range.forIn'_eq_forIn'_range', Std.Legacy.Range.size,\n    tsub_zero, add_tsub_cancel_right, Nat.div_one, List.forIn'_pure_yield_eq_foldl, bind_pure, Id.run_pure,\n    Vector.getElem_ofFn]",
   "level": "info"},
  {"message":
   "fast_verified_mul/schonhage_strassen_2.lean:372:6: 'congr! 2' uses '⊢'!",
   "level": "info"},
  {"message":
   "fast_verified_mul/schonhage_strassen_2.lean:365:14: 'simp +decide [ *, NTT_butterfly_get ]' is a flexible tactic modifying '⊢'. Try 'simp?' and use the suggested 'simp only [...]'. Alternatively, use `suffices` to explicitly state the simplified form.\n\nNote: This linter can be disabled with `set_option linter.flexible false`",
   "level": "warning"},
  {"message":
   "fast_verified_mul/schonhage_strassen_2.lean:365:14: Try this:\n  [apply] simp +decide only [bind_pure_comp, map_pure, Std.Legacy.Range.forIn'_eq_forIn'_range', Std.Legacy.Range.size,\n    tsub_zero, add_tsub_cancel_right, Nat.div_one, List.forIn'_pure_yield_eq_foldl, bind_pure, Id.run_pure,\n    Vector.getElem_ofFn]",
   "level": "info"},
  {"message":
   "fast_verified_mul/schonhage_strassen_2.lean:373:8: 'congr! 1' uses '⊢'!",
   "level": "info"},
  {"message":
   "fast_verified_mul/schonhage_strassen_2.lean:365:14: 'simp +decide [ *, NTT_butterfly_get ]' is a flexible tactic modifying '⊢'. Try 'simp?' and use the suggested 'simp only [...]'. Alternatively, use `suffices` to explicitly state the simplified form.\n\nNote: This linter can be disabled with `set_option linter.flexible false`",
   "level": "warning"},
  {"message":
   "fast_verified_mul/schonhage_strassen_2.lean:365:14: Try this:\n  [apply] simp +decide only [bind_pure_comp, map_pure, Std.Legacy.Range.forIn'_eq_forIn'_range', Std.Legacy.Range.size,\n    tsub_zero, add_tsub_cancel_right, Nat.div_one, List.forIn'_pure_yield_eq_foldl, bind_pure, Id.run_pure,\n    Vector.getElem_ofFn]",
   "level": "info"},
  {"message":
   "fast_verified_mul/schonhage_strassen_2.lean:378:4: 'rw [show i - 2 ^ k' = i % 2 ^ k' from ?_]' uses '⊢'!",
   "level": "info"},
  {"message":
   "fast_verified_mul/schonhage_strassen_2.lean:365:14: 'simp +decide [ *, NTT_butterfly_get ]' is a flexible tactic modifying '⊢'. Try 'simp?' and use the suggested 'simp only [...]'. Alternatively, use `suffices` to explicitly state the simplified form.\n\nNote: This linter can be disabled with `set_option linter.flexible false`",
   "level": "warning"},
  {"message":
   "fast_verified_mul/schonhage_strassen_2.lean:365:14: Try this:\n  [apply] simp +decide only [bind_pure_comp, map_pure, Std.Legacy.Range.forIn'_eq_forIn'_range', Std.Legacy.Range.size,\n    tsub_zero, add_tsub_cancel_right, Nat.div_one, List.forIn'_pure_yield_eq_foldl, bind_pure, Id.run_pure,\n    Vector.getElem_ofFn]",
   "level": "info"},
  {"message":
   "fast_verified_mul/schonhage_strassen_2.lean:380:6: 'rw [Nat.mod_eq_sub_mod (by linarith)]' uses '⊢'!",
   "level": "info"},
  {"message":
   "fast_verified_mul/schonhage_strassen_2.lean:365:14: 'simp +decide [ *, NTT_butterfly_get ]' is a flexible tactic modifying '⊢'. Try 'simp?' and use the suggested 'simp only [...]'. Alternatively, use `suffices` to explicitly state the simplified form.\n\nNote: This linter can be disabled with `set_option linter.flexible false`",
   "level": "warning"},
  {"message":
   "fast_verified_mul/schonhage_strassen_2.lean:365:14: Try this:\n  [apply] simp +decide only [bind_pure_comp, map_pure, Std.Legacy.Range.forIn'_eq_forIn'_range', Std.Legacy.Range.size,\n    tsub_zero, add_tsub_cancel_right, Nat.div_one, List.forIn'_pure_yield_eq_foldl, bind_pure, Id.run_pure,\n    Vector.getElem_ofFn]",
   "level": "info"},
  {"message":
   "fast_verified_mul/schonhage_strassen_2.lean:381:6: 'rw [Nat.mod_eq_of_lt (by rw [tsub_lt_iff_left] <;> linarith [pow_succ' 2 k'])]' uses '⊢'!",
   "level": "info"},
  {"message":
   "fast_verified_mul/schonhage_strassen_2.lean:361:100: This line exceeds the 100 character limit, please shorten it!\n\nNote: This linter can be disabled with `set_option linter.style.longLine false`",
   "level": "warning"},
  {"message":
   "fast_verified_mul/schonhage_strassen_2.lean:366:100: This line exceeds the 100 character limit, please shorten it!\n\nNote: This linter can be disabled with `set_option linter.style.longLine false`",
   "level": "warning"},
  {"message":
   "fast_verified_mul/schonhage_strassen_2.lean:382:0: Please, add a comment explaining the need for modifying the maxHeartbeat limit, as in\nset_option maxHeartbeats 1600000 in\n-- reason for change\n...\n\nNote: This linter can be disabled with `set_option linter.style.maxHeartbeats false`",
   "level": "warning"},
  {"message":
   "fast_verified_mul/schonhage_strassen_2.lean:401:0: Please, add a comment explaining the need for modifying the maxHeartbeat limit, as in\nset_option maxHeartbeats 4000000 in\n-- reason for change\n...\n\nNote: This linter can be disabled with `set_option linter.style.maxHeartbeats false`",
   "level": "warning"},
  {"message":
   "fast_verified_mul/schonhage_strassen_2.lean:413:43: unused variable `hn`\n\nNote: This linter can be disabled with `set_option linter.unusedVariables false`",
   "level": "warning"},
  {"message":
   "fast_verified_mul/schonhage_strassen_2.lean:417:5: unused variable `hBETA`\n\nNote: This linter can be disabled with `set_option linter.unusedVariables false`",
   "level": "warning"},
  {"message":
   "fast_verified_mul/schonhage_strassen_2.lean:420:13: The `induction'` tactic is discouraged: please strongly consider using `induction` instead.\n\nNote: This linter can be disabled with `set_option linter.style.induction false`",
   "level": "warning"},
  {"message":
   "fast_verified_mul/schonhage_strassen_2.lean:420:40: 'simp_all +decide [ Finset.sum_range_succ, pow_succ, ← mul_assoc ]' is a flexible tactic modifying '⊢'. Try 'simp_all?' and use the suggested 'simp_all only [...]'. Alternatively, use `suffices` to explicitly state the simplified form.\n\nNote: This linter can be disabled with `set_option linter.flexible false`",
   "level": "warning"},
  {"message":
   "fast_verified_mul/schonhage_strassen_2.lean:421:4: 'rw [← Nat.mod_add_div (a.val / BETA ^ k) BETA] at *' uses '⊢'!",
   "level": "info"},
  {"message":
   "fast_verified_mul/schonhage_strassen_2.lean:420:40: 'simp_all +decide [ Finset.sum_range_succ, pow_succ, ← mul_assoc ]' is a flexible tactic modifying '⊢'. Try 'simp_all?' and use the suggested 'simp_all only [...]'. Alternatively, use `suffices` to explicitly state the simplified form.\n\nNote: This linter can be disabled with `set_option linter.flexible false`",
   "level": "warning"},
  {"message":
   "fast_verified_mul/schonhage_strassen_2.lean:422:4: 'convert ih using 1' uses '⊢'!",
   "level": "info"},
  {"message":
   "fast_verified_mul/schonhage_strassen_2.lean:423:30: 'simp_all +decide [ Finset.sum_range, decompose ]' is a flexible tactic modifying '⊢'. Try 'simp_all?' and use the suggested 'simp_all only [...]'. Alternatively, use `suffices` to explicitly state the simplified form.\n\nNote: This linter can be disabled with `set_option linter.flexible false`",
   "level": "warning"},
  {"message":
   "fast_verified_mul/schonhage_strassen_2.lean:424:2: 'rw [Fin.sum_univ_castSucc]' uses '⊢'!",
   "level": "info"},
  {"message":
   "fast_verified_mul/schonhage_strassen_2.lean:419:100: This line exceeds the 100 character limit, please shorten it!\n\nNote: This linter can be disabled with `set_option linter.style.longLine false`",
   "level": "warning"},
  {"message":
   "fast_verified_mul/schonhage_strassen_2.lean:420:100: This line exceeds the 100 character limit, please shorten it!\n\nNote: This linter can be disabled with `set_option linter.style.longLine false`",
   "level": "warning"},
  {"message":
   "fast_verified_mul/schonhage_strassen_2.lean:421:100: This line exceeds the 100 character limit, please shorten it!\n\nNote: This linter can be disabled with `set_option linter.style.longLine false`",
   "level": "warning"},
  {"message":
   "fast_verified_mul/schonhage_strassen_2.lean:437:75: This simp argument is unused:\n  Finset.sum_mul\n\nHint: Omit it from the simp argument list.\n  simp +decide [̵ ̵F̵i̵n̵s̵e̵t̵.̵m̵u̵l̵_̵s̵u̵m̵[̲F̲i̲n̲s̲e̲t̲.̲m̲u̲l̲_̲s̲u̲m̲ _ _ _, mul_assoc, mul_comm, m̵u̵l̵_̵l̵e̵f̵t̵_̵c̵o̵m̵m̵,̵ ̵F̵i̵n̵s̵e̵t̵.̵s̵u̵m̵_̵m̵u̵l̵ ̵]̵m̲u̲l̲_̲l̲e̲f̲t̲_̲c̲o̲m̲m̲]̲\n\nNote: This linter can be disabled with `set_option linter.unusedSimpArgs false`",
   "level": "warning"},
  {"message":
   "fast_verified_mul/schonhage_strassen_2.lean:435:18: 'simp_all +decide [ Nat.div_eq_of_lt ]' is a flexible tactic modifying '⊢'. Try 'simp_all?' and use the suggested 'simp_all only [...]'. Alternatively, use `suffices` to explicitly state the simplified form.\n\nNote: This linter can be disabled with `set_option linter.flexible false`",
   "level": "warning"},
  {"message":
   "fast_verified_mul/schonhage_strassen_2.lean:436:4: 'rw [show (j + k : ℕ) / K = 1 by\n    nlinarith [Fin.is_lt j, Fin.is_lt k, Nat.div_mul_le_self (j + k) K, Nat.div_add_mod (j + k) K,\n      Nat.mod_lt (j + k) (NeZero.pos K)]]' uses '⊢'!",
   "level": "info"},
  {"message":
   "fast_verified_mul/schonhage_strassen_2.lean:437:2: 'simp +decide [ Finset.mul_sum _ _ _, mul_assoc, mul_comm, mul_left_comm, Finset.sum_mul ]' is a flexible tactic modifying '⊢'. Try 'simp?' and use the suggested 'simp only [...]'. Alternatively, use `suffices` to explicitly state the simplified form.\n\nNote: This linter can be disabled with `set_option linter.flexible false`",
   "level": "warning"},
  {"message":
   "fast_verified_mul/schonhage_strassen_2.lean:437:2: Try this:\n  [apply] simp +decide only [ite_mul, neg_mul, zero_mul]",
   "level": "info"},
  {"message":
   "fast_verified_mul/schonhage_strassen_2.lean:438:2: 'rw [Finset.sum_comm, Finset.sum_congr rfl]' uses '⊢'!",
   "level": "info"},
  {"message":
   "fast_verified_mul/schonhage_strassen_2.lean:437:2: 'simp +decide [ Finset.mul_sum _ _ _, mul_assoc, mul_comm, mul_left_comm, Finset.sum_mul ]' is a flexible tactic modifying '⊢'. Try 'simp?' and use the suggested 'simp only [...]'. Alternatively, use `suffices` to explicitly state the simplified form.\n\nNote: This linter can be disabled with `set_option linter.flexible false`",
   "level": "warning"},
  {"message":
   "fast_verified_mul/schonhage_strassen_2.lean:437:2: Try this:\n  [apply] simp +decide only [ite_mul, neg_mul, zero_mul]",
   "level": "info"},
  {"message":
   "fast_verified_mul/schonhage_strassen_2.lean:439:2: 'intro j hj' uses '⊢'!",
   "level": "info"},
  {"message":
   "fast_verified_mul/schonhage_strassen_2.lean:437:2: 'simp +decide [ Finset.mul_sum _ _ _, mul_assoc, mul_comm, mul_left_comm, Finset.sum_mul ]' is a flexible tactic modifying '⊢'. Try 'simp?' and use the suggested 'simp only [...]'. Alternatively, use `suffices` to explicitly state the simplified form.\n\nNote: This linter can be disabled with `set_option linter.flexible false`",
   "level": "warning"},
  {"message":
   "fast_verified_mul/schonhage_strassen_2.lean:437:2: Try this:\n  [apply] simp +decide only [ite_mul, neg_mul, zero_mul]",
   "level": "info"},
  {"message":
   "fast_verified_mul/schonhage_strassen_2.lean:439:14: 'rw [Finset.sum_comm]' uses '⊢'!",
   "level": "info"},
  {"message":
   "fast_verified_mul/schonhage_strassen_2.lean:437:2: 'simp +decide [ Finset.mul_sum _ _ _, mul_assoc, mul_comm, mul_left_comm, Finset.sum_mul ]' is a flexible tactic modifying '⊢'. Try 'simp?' and use the suggested 'simp only [...]'. Alternatively, use `suffices` to explicitly state the simplified form.\n\nNote: This linter can be disabled with `set_option linter.flexible false`",
   "level": "warning"},
  {"message":
   "fast_verified_mul/schonhage_strassen_2.lean:437:2: Try this:\n  [apply] simp +decide only [ite_mul, neg_mul, zero_mul]",
   "level": "info"},
  {"message":
   "fast_verified_mul/schonhage_strassen_2.lean:440:2: 'rw [Finset.sum_congr rfl]' uses '⊢'!",
   "level": "info"},
  {"message":
   "fast_verified_mul/schonhage_strassen_2.lean:437:2: 'simp +decide [ Finset.mul_sum _ _ _, mul_assoc, mul_comm, mul_left_comm, Finset.sum_mul ]' is a flexible tactic modifying '⊢'. Try 'simp?' and use the suggested 'simp only [...]'. Alternatively, use `suffices` to explicitly state the simplified form.\n\nNote: This linter can be disabled with `set_option linter.flexible false`",
   "level": "warning"},
  {"message":
   "fast_verified_mul/schonhage_strassen_2.lean:437:2: Try this:\n  [apply] simp +decide only [ite_mul, neg_mul, zero_mul]",
   "level": "info"},
  {"message":
   "fast_verified_mul/schonhage_strassen_2.lean:440:32: 'intros' uses '⊢'!",
   "level": "info"},
  {"message":
   "fast_verified_mul/schonhage_strassen_2.lean:437:2: 'simp +decide [ Finset.mul_sum _ _ _, mul_assoc, mul_comm, mul_left_comm, Finset.sum_mul ]' is a flexible tactic modifying '⊢'. Try 'simp?' and use the suggested 'simp only [...]'. Alternatively, use `suffices` to explicitly state the simplified form.\n\nNote: This linter can be disabled with `set_option linter.flexible false`",
   "level": "warning"},
  {"message":
   "fast_verified_mul/schonhage_strassen_2.lean:437:2: Try this:\n  [apply] simp +decide only [ite_mul, neg_mul, zero_mul]",
   "level": "info"},
  {"message":
   "fast_verified_mul/schonhage_strassen_2.lean:440:41: 'rw [Finset.sum_eq_single ⟨(j + ‹Fin K›) % K, Nat.mod_lt _ (NeZero.pos K)⟩]' uses '⊢'!",
   "level": "info"},
  {"message":
   "fast_verified_mul/schonhage_strassen_2.lean:431:100: This line exceeds the 100 character limit, please shorten it!\n\nNote: This linter can be disabled with `set_option linter.style.longLine false`",
   "level": "warning"},
  {"message":
   "fast_verified_mul/schonhage_strassen_2.lean:433:100: This line exceeds the 100 character limit, please shorten it!\n\nNote: This linter can be disabled with `set_option linter.style.longLine false`",
   "level": "warning"},
  {"message":
   "fast_verified_mul/schonhage_strassen_2.lean:436:100: This line exceeds the 100 character limit, please shorten it!\n\nNote: This linter can be disabled with `set_option linter.style.longLine false`",
   "level": "warning"},
  {"message":
   "fast_verified_mul/schonhage_strassen_2.lean:440:100: This line exceeds the 100 character limit, please shorten it!\n\nNote: This linter can be disabled with `set_option linter.style.longLine false`",
   "level": "warning"},
  {"message":
   "fast_verified_mul/schonhage_strassen_2.lean:460:41: This simp argument is unused:\n  pow_add\n\nHint: Omit it from the simp argument list.\n  simp_all +decide [̵ ̵p̵o̵w̵_̵m̵u̵l̵'̵,̵ ̵p̵o̵w̵_̵a̵d̵d̵ ̵]̵[̲p̲o̲w̲_̲m̲u̲l̲'̲]̲\n\nNote: This linter can be disabled with `set_option linter.unusedSimpArgs false`",
   "level": "warning"},
  {"message":
   "fast_verified_mul/schonhage_strassen_2.lean:465:63: This simp argument is unused:\n  ← Finset.sum_mul\n\nHint: Omit it from the simp argument list.\n  simp_all +decide [̵ ̵←̵[̲←̲ pow_mul', ← Finset.mul_sum _ _ _̵,̵ ̵←̵ ̵F̵i̵n̵s̵e̵t̵.̵s̵u̵m̵_̵m̵u̵l̵ ̵]̵_̲]̲\n\nNote: Simp arguments with `←` have the additional effect of removing the other direction from the simp set, even if the simp argument itself is unused. If the hint above does not work, try replacing `←` with `-` to only get that effect and silence this warning.\n\nNote: This linter can be disabled with `set_option linter.unusedSimpArgs false`",
   "level": "warning"},
  {"message":
   "fast_verified_mul/schonhage_strassen_2.lean:466:38: This simp argument is unused:\n  mul_comm\n\nHint: Omit it from the simp argument list.\n  simp_all +decide [̵ ̵←̵ ̵p̵o̵w̵_̵a̵d̵d̵,̵ ̵m̵u̵l̵_̵c̵o̵m̵m̵ ̵]̵[̲←̲ ̲p̲o̲w̲_̲a̲d̲d̲]̲\n\nNote: This linter can be disabled with `set_option linter.unusedSimpArgs false`",
   "level": "warning"},
  {"message":
   "fast_verified_mul/schonhage_strassen_2.lean:444:2: The `induction'` tactic is discouraged: please strongly consider using `induction` instead.\n\nNote: This linter can be disabled with `set_option linter.style.induction false`",
   "level": "warning"},
  {"message":
   "fast_verified_mul/schonhage_strassen_2.lean:457:12: The `refine'` tactic is discouraged: please strongly consider using `refine` or `apply` instead.\n\nNote: This linter can be disabled with `set_option linter.style.refine false`",
   "level": "warning"},
  {"message":
   "fast_verified_mul/schonhage_strassen_2.lean:449:28: 'simp_all +decide [ pow_succ', pow_mul ]' is a flexible tactic modifying '⊢'. Try 'simp_all?' and use the suggested 'simp_all only [...]'. Alternatively, use `suffices` to explicitly state the simplified form.\n\nNote: This linter can be disabled with `set_option linter.flexible false`",
   "level": "warning"},
  {"message":
   "fast_verified_mul/schonhage_strassen_2.lean:452:8: 'rcases m with (_ | _ | m)' uses '⊢'!",
   "level": "info"},
  {"message":
   "fast_verified_mul/schonhage_strassen_2.lean:449:28: 'simp_all +decide [ pow_succ', pow_mul ]' is a flexible tactic modifying '⊢'. Try 'simp_all?' and use the suggested 'simp_all only [...]'. Alternatively, use `suffices` to explicitly state the simplified form.\n\nNote: This linter can be disabled with `set_option linter.flexible false`",
   "level": "warning"},
  {"message":
   "fast_verified_mul/schonhage_strassen_2.lean:455:8: 'have h_ind : ∑ x : Fin (2 ^ k), (ω ^ 2) ^ (x.val * d) = 0 :=\n  by\n  convert ih (ω ^ 2) _ (d % 2 ^ k) _ _ using 1;\n  · refine' Finset.sum_congr rfl fun x hx => _; rw [← Nat.mod_add_div d (2 ^ k)]; simp +decide [pow_add, pow_mul];\n    simp_all +decide [pow_right_comm, ← pow_mul]; simp_all +decide [pow_mul', pow_add];\n  · cases k <;> simp_all +decide [pow_succ', pow_mul];\n  · exact Nat.pos_of_ne_zero fun con => h <| Nat.dvd_of_mod_eq_zero con;\n  · exact Nat.mod_lt _ (by positivity);' uses '⊢'!",
   "level": "info"},
  {"message":
   "fast_verified_mul/schonhage_strassen_2.lean:449:28: 'simp_all +decide [ pow_succ', pow_mul ]' is a flexible tactic modifying '⊢'. Try 'simp_all?' and use the suggested 'simp_all only [...]'. Alternatively, use `suffices` to explicitly state the simplified form.\n\nNote: This linter can be disabled with `set_option linter.flexible false`",
   "level": "warning"},
  {"message":
   "fast_verified_mul/schonhage_strassen_2.lean:469:6: 'interval_cases d' uses '⊢'!",
   "level": "info"},
  {"message":
   "fast_verified_mul/schonhage_strassen_2.lean:447:100: This line exceeds the 100 character limit, please shorten it!\n\nNote: This linter can be disabled with `set_option linter.style.longLine false`",
   "level": "warning"},
  {"message":
   "fast_verified_mul/schonhage_strassen_2.lean:488:143: Try this:\n  [apply] ring_nf\n  \n  The `ring` tactic failed to close the goal. Use `ring_nf` to obtain a normal form.\n    \n  Note that `ring` works primarily in *commutative* rings. If you have a noncommutative ring, abelian group or module, consider using `noncomm_ring`, `abel` or `module` instead.",
   "level": "info"},
  {"message":
   "fast_verified_mul/schonhage_strassen_2.lean:479:74: This simp argument is unused:\n  mul_assoc\n\nHint: Omit it from the simp argument list.\n  simp_all +decide [̵ ̵p̵o̵w̵_̵s̵u̵c̵c̵'̵,̵ ̵m̵u̵l̵_̵a̵s̵s̵o̵c̵ ̵]̵[̲p̲o̲w̲_̲s̲u̲c̲c̲'̲]̲\n\nNote: This linter can be disabled with `set_option linter.unusedSimpArgs false`",
   "level": "warning"},
  {"message":
   "fast_verified_mul/schonhage_strassen_2.lean:501:27: This simp argument is unused:\n  Fin.ext_iff\n\nHint: Omit it from the simp argument list.\n  simp_all +decide [̵ ̵F̵i̵n̵.̵e̵x̵t̵_̵i̵f̵f̵,̵ ̵Z̵M̵o̵d̵.̵n̵a̵t̵C̵a̵s̵t̵_̵e̵q̵_̵n̵a̵t̵C̵a̵s̵t̵_̵i̵f̵f̵'̵ ̵]̵[̲Z̲M̲o̲d̲.̲n̲a̲t̲C̲a̲s̲t̲_̲e̲q̲_̲n̲a̲t̲C̲a̲s̲t̲_̲i̲f̲f̲'̲]̲\n\nNote: This linter can be disabled with `set_option linter.unusedSimpArgs false`",
   "level": "warning"},
  {"message":
   "fast_verified_mul/schonhage_strassen_2.lean:498:8: The `refine'` tactic is discouraged: please strongly consider using `refine` or `apply` instead.\n\nNote: This linter can be disabled with `set_option linter.style.refine false`",
   "level": "warning"},
  {"message":
   "fast_verified_mul/schonhage_strassen_2.lean:488:103: 'simp_all +decide [ pow_add, pow_mul ]' is a flexible tactic modifying '⊢'. Try 'simp_all?' and use the suggested 'simp_all only [...]'. Alternatively, use `suffices` to explicitly state the simplified form.\n\nNote: This linter can be disabled with `set_option linter.flexible false`",
   "level": "warning"},
  {"message":
   "fast_verified_mul/schonhage_strassen_2.lean:488:103: Try this:\n  [apply] simp_all +decide only [Nat.mul_mod_mod]",
   "level": "info"},
  {"message":
   "fast_verified_mul/schonhage_strassen_2.lean:489:8: 'rw [← pow_add, ← Nat.mod_add_div ((i : ℕ) * (2 ^ k - 1) * l + i * j) (2 ^ k), pow_add, pow_mul]' uses '⊢'!",
   "level": "info"},
  {"message":
   "fast_verified_mul/schonhage_strassen_2.lean:499:51: 'simp_all +decide [ ← ZMod.natCast_eq_zero_iff, Fin.ext_iff ]' is a flexible tactic modifying '⊢'. Try 'simp_all?' and use the suggested 'simp_all only [...]'. Alternatively, use `suffices` to explicitly state the simplified form.\n\nNote: This linter can be disabled with `set_option linter.flexible false`",
   "level": "warning"},
  {"message":
   "fast_verified_mul/schonhage_strassen_2.lean:502:8: 'exact hj_ne_l (Nat.mod_eq_of_lt j.2 ▸ Nat.mod_eq_of_lt l.2 ▸ this)' uses '⊢'!",
   "level": "info"},
  {"message":
   "fast_verified_mul/schonhage_strassen_2.lean:506:16: 'simp +decide [ h_ω_inv, pow_mul ]' is a flexible tactic modifying '⊢'. Try 'simp?' and use the suggested 'simp only [...]'. Alternatively, use `suffices` to explicitly state the simplified form.\n\nNote: This linter can be disabled with `set_option linter.flexible false`",
   "level": "warning"},
  {"message":
   "fast_verified_mul/schonhage_strassen_2.lean:507:4: 'exact Finset.sum_congr rfl fun _ _ => by ring;' uses '⊢'!",
   "level": "info"},
  {"message":
   "fast_verified_mul/schonhage_strassen_2.lean:508:38: 'simp_all +decide [ mul_comm ]' is a flexible tactic modifying '⊢'. Try 'simp_all?' and use the suggested 'simp_all only [...]'. Alternatively, use `suffices` to explicitly state the simplified form.\n\nNote: This linter can be disabled with `set_option linter.flexible false`",
   "level": "warning"},
  {"message":
   "fast_verified_mul/schonhage_strassen_2.lean:508:38: Try this:\n  [apply] simp_all +decide only [Nat.cast_pow, Nat.cast_ofNat]",
   "level": "info"},
  {"message":
   "fast_verified_mul/schonhage_strassen_2.lean:509:4: 'rw [show (l + l * (2 ^ k - 1) : ℕ) % 2 ^ k = 0 from\n    Nat.mod_eq_zero_of_dvd ⟨l, by nlinarith [Nat.sub_add_cancel (Nat.one_le_pow k 2 zero_lt_two)]⟩]' uses '⊢'!",
   "level": "info"},
  {"message":
   "fast_verified_mul/schonhage_strassen_2.lean:482:100: This line exceeds the 100 character limit, please shorten it!\n\nNote: This linter can be disabled with `set_option linter.style.longLine false`",
   "level": "warning"},
  {"message":
   "fast_verified_mul/schonhage_strassen_2.lean:483:100: This line exceeds the 100 character limit, please shorten it!\n\nNote: This linter can be disabled with `set_option linter.style.longLine false`",
   "level": "warning"},
  {"message":
   "fast_verified_mul/schonhage_strassen_2.lean:485:100: This line exceeds the 100 character limit, please shorten it!\n\nNote: This linter can be disabled with `set_option linter.style.longLine false`",
   "level": "warning"},
  {"message":
   "fast_verified_mul/schonhage_strassen_2.lean:488:100: This line exceeds the 100 character limit, please shorten it!\n\nNote: This linter can be disabled with `set_option linter.style.longLine false`",
   "level": "warning"},
  {"message":
   "fast_verified_mul/schonhage_strassen_2.lean:489:100: This line exceeds the 100 character limit, please shorten it!\n\nNote: This linter can be disabled with `set_option linter.style.longLine false`",
   "level": "warning"},
  {"message":
   "fast_verified_mul/schonhage_strassen_2.lean:492:100: This line exceeds the 100 character limit, please shorten it!\n\nNote: This linter can be disabled with `set_option linter.style.longLine false`",
   "level": "warning"},
  {"message":
   "fast_verified_mul/schonhage_strassen_2.lean:494:100: This line exceeds the 100 character limit, please shorten it!\n\nNote: This linter can be disabled with `set_option linter.style.longLine false`",
   "level": "warning"},
  {"message":
   "fast_verified_mul/schonhage_strassen_2.lean:496:100: This line exceeds the 100 character limit, please shorten it!\n\nNote: This linter can be disabled with `set_option linter.style.longLine false`",
   "level": "warning"},
  {"message":
   "fast_verified_mul/schonhage_strassen_2.lean:497:100: This line exceeds the 100 character limit, please shorten it!\n\nNote: This linter can be disabled with `set_option linter.style.longLine false`",
   "level": "warning"},
  {"message":
   "fast_verified_mul/schonhage_strassen_2.lean:499:100: This line exceeds the 100 character limit, please shorten it!\n\nNote: This linter can be disabled with `set_option linter.style.longLine false`",
   "level": "warning"},
  {"message":
   "fast_verified_mul/schonhage_strassen_2.lean:509:100: This line exceeds the 100 character limit, please shorten it!\n\nNote: This linter can be disabled with `set_option linter.style.longLine false`",
   "level": "warning"},
  {"message":
   "fast_verified_mul/schonhage_strassen_2.lean:524:112: This simp argument is unused:\n  mul_comm\n\nHint: Omit it from the simp argument list.\n  simp +decide [̵ ̵*̵,̵[̲*̲,̲\n  ̲  ̲ ̲ ̲mul_assoc, m̵u̵l̵_̵c̵o̵m̵m̵,̵ ̵m̵u̵l̵_̵l̵e̵f̵t̵_̵c̵o̵m̵m̵ ̵]̵m̲u̲l̲_̲l̲e̲f̲t̲_̲c̲o̲m̲m̲]̲\n\nNote: This linter can be disabled with `set_option linter.unusedSimpArgs false`",
   "level": "warning"},
  {"message":
   "fast_verified_mul/schonhage_strassen_2.lean:525:87: This simp argument is unused:\n  hω\n\nHint: Omit it from the simp argument list.\n  simp +decide [ ̵pow_add, pow_mul,̵ ̵h̵ω̵ ̵]\n\nNote: This linter can be disabled with `set_option linter.unusedSimpArgs false`",
   "level": "warning"},
  {"message":
   "fast_verified_mul/schonhage_strassen_2.lean:523:2: The `refine'` tactic is discouraged: please strongly consider using `refine` or `apply` instead.\n\nNote: This linter can be disabled with `set_option linter.style.refine false`",
   "level": "warning"},
  {"message":
   "fast_verified_mul/schonhage_strassen_2.lean:520:2: 'simp +decide [ Finset.sum_mul, pow_mul' ]' is a flexible tactic modifying '⊢'. Try 'simp?' and use the suggested 'simp only [...]'. Alternatively, use `suffices` to explicitly state the simplified form.\n\nNote: This linter can be disabled with `set_option linter.flexible false`",
   "level": "warning"},
  {"message":
   "fast_verified_mul/schonhage_strassen_2.lean:521:2: 'rw [Finset.sum_comm, Finset.sum_congr rfl]' uses '⊢'!",
   "level": "info"},
  {"message":
   "fast_verified_mul/schonhage_strassen_2.lean:520:2: 'simp +decide [ Finset.sum_mul, pow_mul' ]' is a flexible tactic modifying '⊢'. Try 'simp?' and use the suggested 'simp only [...]'. Alternatively, use `suffices` to explicitly state the simplified form.\n\nNote: This linter can be disabled with `set_option linter.flexible false`",
   "level": "warning"},
  {"message":
   "fast_verified_mul/schonhage_strassen_2.lean:522:2: 'intro x hx' uses '⊢'!",
   "level": "info"},
  {"message":
   "fast_verified_mul/schonhage_strassen_2.lean:520:2: 'simp +decide [ Finset.sum_mul, pow_mul' ]' is a flexible tactic modifying '⊢'. Try 'simp?' and use the suggested 'simp only [...]'. Alternatively, use `suffices` to explicitly state the simplified form.\n\nNote: This linter can be disabled with `set_option linter.flexible false`",
   "level": "warning"},
  {"message":
   "fast_verified_mul/schonhage_strassen_2.lean:522:14: 'rw [Finset.mul_sum _ _ _]' uses '⊢'!",
   "level": "info"},
  {"message":
   "fast_verified_mul/schonhage_strassen_2.lean:520:2: 'simp +decide [ Finset.sum_mul, pow_mul' ]' is a flexible tactic modifying '⊢'. Try 'simp?' and use the suggested 'simp only [...]'. Alternatively, use `suffices` to explicitly state the simplified form.\n\nNote: This linter can be disabled with `set_option linter.flexible false`",
   "level": "warning"},
  {"message":
   "fast_verified_mul/schonhage_strassen_2.lean:522:44: 'rw [Finset.sum_comm]' uses '⊢'!",
   "level": "info"},
  {"message":
   "fast_verified_mul/schonhage_strassen_2.lean:520:2: 'simp +decide [ Finset.sum_mul, pow_mul' ]' is a flexible tactic modifying '⊢'. Try 'simp?' and use the suggested 'simp only [...]'. Alternatively, use `suffices` to explicitly state the simplified form.\n\nNote: This linter can be disabled with `set_option linter.flexible false`",
   "level": "warning"},
  {"message":
   "fast_verified_mul/schonhage_strassen_2.lean:523:2: 'refine' Finset.sum_congr rfl fun y hy => _' uses '⊢'!",
   "level": "info"},
  {"message":
   "fast_verified_mul/schonhage_strassen_2.lean:520:2: 'simp +decide [ Finset.sum_mul, pow_mul' ]' is a flexible tactic modifying '⊢'. Try 'simp?' and use the suggested 'simp only [...]'. Alternatively, use `suffices` to explicitly state the simplified form.\n\nNote: This linter can be disabled with `set_option linter.flexible false`",
   "level": "warning"},
  {"message":
   "fast_verified_mul/schonhage_strassen_2.lean:524:2: 'rw [Finset.sum_eq_single ⟨(x + y) % K, Nat.mod_lt _ (NeZero.pos K)⟩]' uses '⊢'!",
   "level": "info"},
  {"message":
   "fast_verified_mul/schonhage_strassen_2.lean:520:2: 'simp +decide [ Finset.sum_mul, pow_mul' ]' is a flexible tactic modifying '⊢'. Try 'simp?' and use the suggested 'simp only [...]'. Alternatively, use `suffices` to explicitly state the simplified form.\n\nNote: This linter can be disabled with `set_option linter.flexible false`",
   "level": "warning"},
  {"message":
   "fast_verified_mul/schonhage_strassen_2.lean:525:4: 'rw [← pow_add, ← Nat.mod_add_div (x + y) K]' uses '⊢'!",
   "level": "info"},
  {"message":
   "fast_verified_mul/schonhage_strassen_2.lean:520:2: 'simp +decide [ Finset.sum_mul, pow_mul' ]' is a flexible tactic modifying '⊢'. Try 'simp?' and use the suggested 'simp only [...]'. Alternatively, use `suffices` to explicitly state the simplified form.\n\nNote: This linter can be disabled with `set_option linter.flexible false`",
   "level": "warning"},
  {"message":
   "fast_verified_mul/schonhage_strassen_2.lean:527:4: 'exact fun b hb₁ hb₂ => False.elim <| hb₁ <| Fin.ext hb₂.symm' uses '⊢'!",
   "level": "info"},
  {"message":
   "fast_verified_mul/schonhage_strassen_2.lean:524:100: This line exceeds the 100 character limit, please shorten it!\n\nNote: This linter can be disabled with `set_option linter.style.longLine false`",
   "level": "warning"},
  {"message":
   "fast_verified_mul/schonhage_strassen_2.lean:535:113: This simp argument is unused:\n  pow_add\n\nHint: Omit it from the simp argument list.\n  simp_all +decide [̵ ̵p̵o̵w̵_̵a̵d̵d̵,̵ ̵m̵u̵l̵_̵a̵s̵s̵o̵c̵,̵[̲m̲u̲l̲_̲a̲s̲s̲o̲c̲,̲\n  ̲  ̲ ̲ ̲mul_comm, m̵u̵l̵_̵l̵e̵f̵t̵_̵c̵o̵m̵m̵ ̵]̵m̲u̲l̲_̲l̲e̲f̲t̲_̲c̲o̲m̲m̲]̲\n\nNote: This linter can be disabled with `set_option linter.unusedSimpArgs false`",
   "level": "warning"},
  {"message":
   "fast_verified_mul/schonhage_strassen_2.lean:540:109: This simp argument is unused:\n  hθ\n\nHint: Omit it from the simp argument list.\n  simp +decide [̵ ̵h̵k̵,̵[̲h̲k̲,̲\n  ̲  ̲ ̲ ̲ ̲ ̲ ̲ ̲pow_add, p̵o̵w̵_̵m̵u̵l̵,̵ ̵h̵θ̵ ̵]̵p̲o̲w̲_̲m̲u̲l̲]̲\n\nNote: This linter can be disabled with `set_option linter.unusedSimpArgs false`",
   "level": "warning"},
  {"message":
   "fast_verified_mul/schonhage_strassen_2.lean:541:62: This simp argument is unused:\n  pow_add\n\nHint: Omit it from the simp argument list.\n  simp_all +decide [̵ ̵p̵o̵w̵_̵a̵d̵d̵,̵ ̵p̵o̵w̵_̵m̵u̵l̵ ̵]̵[̲p̲o̲w̲_̲m̲u̲l̲]̲\n\nNote: This linter can be disabled with `set_option linter.unusedSimpArgs false`",
   "level": "warning"},
  {"message":
   "fast_verified_mul/schonhage_strassen_2.lean:541:71: This simp argument is unused:\n  pow_mul\n\nHint: Omit it from the simp argument list.\n  simp_all +decide [̵ ̵p̵o̵w̵_̵a̵d̵d̵,̵ ̵p̵o̵w̵_̵m̵u̵l̵ ̵]̵[̲p̲o̲w̲_̲a̲d̲d̲]̲\n\nNote: This linter can be disabled with `set_option linter.unusedSimpArgs false`",
   "level": "warning"},
  {"message":
   "fast_verified_mul/schonhage_strassen_2.lean:535:2: The `refine'` tactic is discouraged: please strongly consider using `refine` or `apply` instead.\n\nNote: This linter can be disabled with `set_option linter.style.refine false`",
   "level": "warning"},
  {"message":
   "fast_verified_mul/schonhage_strassen_2.lean:535:94: 'simp_all +decide [ pow_add, mul_assoc, mul_comm, mul_left_comm ]' is a flexible tactic modifying '⊢'. Try 'simp_all?' and use the suggested 'simp_all only [...]'. Alternatively, use `suffices` to explicitly state the simplified form.\n\nNote: This linter can be disabled with `set_option linter.flexible false`",
   "level": "warning"},
  {"message":
   "fast_verified_mul/schonhage_strassen_2.lean:538:4: 'have h_exp : θ ^ (i.val + j.val) = θ ^ l.val * (-1) := by rw [← ‹(i + j : ℕ) % K = l›, ← Nat.mod_add_div (i + j) K];\n  simp +decide [pow_add, pow_mul, hθ];\n  rcases Nat.even_or_odd' ((i + j) / K) with ⟨k, hk | hk⟩ <;> simp +decide [hk, pow_add, pow_mul, hθ];\n  have := Nat.mod_add_div (i + j) K; simp_all +decide [pow_add, pow_mul];\n  nlinarith [Fin.is_lt i, Fin.is_lt j, Fin.is_lt l,\n    show k > 0 from Nat.pos_of_ne_zero (by rintro rfl; linarith [Fin.is_lt i, Fin.is_lt j, Fin.is_lt l])];' uses '⊢'!",
   "level": "info"},
  {"message":
   "fast_verified_mul/schonhage_strassen_2.lean:539:74: 'simp +decide [ pow_add, pow_mul, hθ ]' is a flexible tactic modifying '⊢'. Try 'simp?' and use the suggested 'simp only [...]'. Alternatively, use `suffices` to explicitly state the simplified form.\n\nNote: This linter can be disabled with `set_option linter.flexible false`",
   "level": "warning"},
  {"message":
   "fast_verified_mul/schonhage_strassen_2.lean:539:74: Try this:\n  [apply] simp +decide only [Nat.add_mul_mod_self_left, dvd_refl, Nat.mod_mod_of_dvd, mul_neg, mul_one]",
   "level": "info"},
  {"message":
   "fast_verified_mul/schonhage_strassen_2.lean:540:6: 'rcases Nat.even_or_odd' ((i + j) / K) with ⟨k, hk | hk⟩' uses '⊢'!",
   "level": "info"},
  {"message":
   "fast_verified_mul/schonhage_strassen_2.lean:535:94: 'simp_all +decide [ pow_add, mul_assoc, mul_comm, mul_left_comm ]' is a flexible tactic modifying '⊢'. Try 'simp_all?' and use the suggested 'simp_all only [...]'. Alternatively, use `suffices` to explicitly state the simplified form.\n\nNote: This linter can be disabled with `set_option linter.flexible false`",
   "level": "warning"},
  {"message":
   "fast_verified_mul/schonhage_strassen_2.lean:544:4: 'rw [mul_assoc, ← mul_pow, hθ_inv, one_pow, mul_one]' uses '⊢'!",
   "level": "info"},
  {"message":
   "fast_verified_mul/schonhage_strassen_2.lean:535:100: This line exceeds the 100 character limit, please shorten it!\n\nNote: This linter can be disabled with `set_option linter.style.longLine false`",
   "level": "warning"},
  {"message":
   "fast_verified_mul/schonhage_strassen_2.lean:539:100: This line exceeds the 100 character limit, please shorten it!\n\nNote: This linter can be disabled with `set_option linter.style.longLine false`",
   "level": "warning"},
  {"message":
   "fast_verified_mul/schonhage_strassen_2.lean:540:100: This line exceeds the 100 character limit, please shorten it!\n\nNote: This linter can be disabled with `set_option linter.style.longLine false`",
   "level": "warning"},
  {"message":
   "fast_verified_mul/schonhage_strassen_2.lean:542:100: This line exceeds the 100 character limit, please shorten it!\n\nNote: This linter can be disabled with `set_option linter.style.longLine false`",
   "level": "warning"},
  {"message":
   "fast_verified_mul/schonhage_strassen_2.lean:599:6: The `refine'` tactic is discouraged: please strongly consider using `refine` or `apply` instead.\n\nNote: This linter can be disabled with `set_option linter.style.refine false`",
   "level": "warning"},
  {"message":
   "fast_verified_mul/schonhage_strassen_2.lean:595:34: 'simp_all +decide [ decompose ]' is a flexible tactic modifying '⊢'. Try 'simp_all?' and use the suggested 'simp_all only [...]'. Alternatively, use `suffices` to explicitly state the simplified form.\n\nNote: This linter can be disabled with `set_option linter.flexible false`",
   "level": "warning"},
  {"message":
   "fast_verified_mul/schonhage_strassen_2.lean:595:34: Try this:\n  [apply] simp_all +decide only [Nat.reduceAdd]",
   "level": "info"},
  {"message":
   "fast_verified_mul/schonhage_strassen_2.lean:596:4: 'exact Nat.le_of_lt_succ (lt_of_lt_of_le (ZMod.val_lt a) hm)' uses '⊢'!",
   "level": "info"},
  {"message":
   "fast_verified_mul/schonhage_strassen_2.lean:595:34: 'simp_all +decide [ decompose ]' is a flexible tactic modifying '⊢'. Try 'simp_all?' and use the suggested 'simp_all only [...]'. Alternatively, use `suffices` to explicitly state the simplified form.\n\nNote: This linter can be disabled with `set_option linter.flexible false`",
   "level": "warning"},
  {"message":
   "fast_verified_mul/schonhage_strassen_2.lean:598:6: 'exact Nat.le_of_lt (Nat.mod_lt _ hBETA)' uses '⊢'!",
   "level": "info"},
  {"message":
   "fast_verified_mul/schonhage_strassen_2.lean:595:34: 'simp_all +decide [ decompose ]' is a flexible tactic modifying '⊢'. Try 'simp_all?' and use the suggested 'simp_all only [...]'. Alternatively, use `suffices` to explicitly state the simplified form.\n\nNote: This linter can be disabled with `set_option linter.flexible false`",
   "level": "warning"},
  {"message":
   "fast_verified_mul/schonhage_strassen_2.lean:599:6: 'refine' Nat.div_le_of_le_mul _' uses '⊢'!",
   "level": "info"},
  {"message":
   "fast_verified_mul/schonhage_strassen_2.lean:619:5: unused variable `hB'`\n\nNote: This linter can be disabled with `set_option linter.unusedVariables false`",
   "level": "warning"},
  {"message":
   "fast_verified_mul/schonhage_strassen_2.lean:622:2: The `refine'` tactic is discouraged: please strongly consider using `refine` or `apply` instead.\n\nNote: This linter can be disabled with `set_option linter.style.refine false`",
   "level": "warning"},
  {"message":
   "fast_verified_mul/schonhage_strassen_2.lean:627:4: The `refine'` tactic is discouraged: please strongly consider using `refine` or `apply` instead.\n\nNote: This linter can be disabled with `set_option linter.style.refine false`",
   "level": "warning"},
  {"message":
   "fast_verified_mul/schonhage_strassen_2.lean:628:4: The `refine'` tactic is discouraged: please strongly consider using `refine` or `apply` instead.\n\nNote: This linter can be disabled with `set_option linter.style.refine false`",
   "level": "warning"},
  {"message":
   "fast_verified_mul/schonhage_strassen_2.lean:630:6: The `refine'` tactic is discouraged: please strongly consider using `refine` or `apply` instead.\n\nNote: This linter can be disabled with `set_option linter.style.refine false`",
   "level": "warning"},
  {"message":
   "fast_verified_mul/schonhage_strassen_2.lean:643:6: The `refine'` tactic is discouraged: please strongly consider using `refine` or `apply` instead.\n\nNote: This linter can be disabled with `set_option linter.style.refine false`",
   "level": "warning"},
  {"message":
   "fast_verified_mul/schonhage_strassen_2.lean:635:6: 'simp at hp' is a flexible tactic modifying 'hp'. Try 'simp?' and use the suggested 'simp only [...]'. Alternatively, use `suffices` to explicitly state the simplified form.\n\nNote: This linter can be disabled with `set_option linter.flexible false`",
   "level": "warning"},
  {"message":
   "fast_verified_mul/schonhage_strassen_2.lean:635:6: Try this:\n  [apply] simp only [Finset.mem_image, Finset.mem_univ, true_and] at hp",
   "level": "info"},
  {"message":
   "fast_verified_mul/schonhage_strassen_2.lean:636:6: 'generalize_proofs at *' uses 'hp'!",
   "level": "info"},
  {"message":
   "fast_verified_mul/schonhage_strassen_2.lean:637:6: 'simp +zetaDelta at *' is a flexible tactic modifying '*'. Try 'simp?' and use the suggested 'simp only [...]'. Alternatively, use `suffices` to explicitly state the simplified form.\n\nNote: This linter can be disabled with `set_option linter.flexible false`",
   "level": "warning"},
  {"message":
   "fast_verified_mul/schonhage_strassen_2.lean:637:6: Try this:\n  [apply] simp +zetaDelta only [Finset.mem_image, Finset.mem_univ, true_and] at *",
   "level": "info"},
  {"message":
   "fast_verified_mul/schonhage_strassen_2.lean:638:6: 'use ⟨p.1.val, by linarith [Nat.mod_eq_of_lt hp.2]⟩' uses '*'!",
   "level": "info"},
  {"message":
   "fast_verified_mul/schonhage_strassen_2.lean:637:6: 'simp +zetaDelta at *' is a flexible tactic modifying '*'. Try 'simp?' and use the suggested 'simp only [...]'. Alternatively, use `suffices` to explicitly state the simplified form.\n\nNote: This linter can be disabled with `set_option linter.flexible false`",
   "level": "warning"},
  {"message":
   "fast_verified_mul/schonhage_strassen_2.lean:637:6: Try this:\n  [apply] simp +zetaDelta only [Finset.mem_image, Finset.mem_univ, true_and] at *",
   "level": "info"},
  {"message":
   "fast_verified_mul/schonhage_strassen_2.lean:638:6: 'use ⟨p.1.val, by linarith [Nat.mod_eq_of_lt hp.2]⟩' uses '*'!",
   "level": "info"},
  {"message":
   "fast_verified_mul/schonhage_strassen_2.lean:635:6: 'simp at hp' is a flexible tactic modifying 'hp'. Try 'simp?' and use the suggested 'simp only [...]'. Alternatively, use `suffices` to explicitly state the simplified form.\n\nNote: This linter can be disabled with `set_option linter.flexible false`",
   "level": "warning"},
  {"message":
   "fast_verified_mul/schonhage_strassen_2.lean:635:6: Try this:\n  [apply] simp only [Finset.mem_image, Finset.mem_univ, true_and] at hp",
   "level": "info"},
  {"message":
   "fast_verified_mul/schonhage_strassen_2.lean:638:6: 'use ⟨p.1.val, by linarith [Nat.mod_eq_of_lt hp.2]⟩' uses 'hp'!",
   "level": "info"},
  {"message":
   "fast_verified_mul/schonhage_strassen_2.lean:637:6: 'simp +zetaDelta at *' is a flexible tactic modifying '*'. Try 'simp?' and use the suggested 'simp only [...]'. Alternatively, use `suffices` to explicitly state the simplified form.\n\nNote: This linter can be disabled with `set_option linter.flexible false`",
   "level": "warning"},
  {"message":
   "fast_verified_mul/schonhage_strassen_2.lean:637:6: Try this:\n  [apply] simp +zetaDelta only [Finset.mem_image, Finset.mem_univ, true_and] at *",
   "level": "info"},
  {"message":
   "fast_verified_mul/schonhage_strassen_2.lean:640:6: 'generalize_proofs at *' uses '*'!",
   "level": "info"},
  {"message":
   "fast_verified_mul/schonhage_strassen_2.lean:637:6: 'simp +zetaDelta at *' is a flexible tactic modifying '*'. Try 'simp?' and use the suggested 'simp only [...]'. Alternatively, use `suffices` to explicitly state the simplified form.\n\nNote: This linter can be disabled with `set_option linter.flexible false`",
   "level": "warning"},
  {"message":
   "fast_verified_mul/schonhage_strassen_2.lean:637:6: Try this:\n  [apply] simp +zetaDelta only [Finset.mem_image, Finset.mem_univ, true_and] at *",
   "level": "info"},
  {"message":
   "fast_verified_mul/schonhage_strassen_2.lean:640:6: 'generalize_proofs at *' uses '*'!",
   "level": "info"},
  {"message":
   "fast_verified_mul/schonhage_strassen_2.lean:637:6: 'simp +zetaDelta at *' is a flexible tactic modifying '*'. Try 'simp?' and use the suggested 'simp only [...]'. Alternatively, use `suffices` to explicitly state the simplified form.\n\nNote: This linter can be disabled with `set_option linter.flexible false`",
   "level": "warning"},
  {"message":
   "fast_verified_mul/schonhage_strassen_2.lean:637:6: Try this:\n  [apply] simp +zetaDelta only [Finset.mem_image, Finset.mem_univ, true_and] at *",
   "level": "info"},
  {"message":
   "fast_verified_mul/schonhage_strassen_2.lean:640:6: 'generalize_proofs at *' uses '*'!",
   "level": "info"},
  {"message":
   "fast_verified_mul/schonhage_strassen_2.lean:637:6: 'simp +zetaDelta at *' is a flexible tactic modifying '*'. Try 'simp?' and use the suggested 'simp only [...]'. Alternatively, use `suffices` to explicitly state the simplified form.\n\nNote: This linter can be disabled with `set_option linter.flexible false`",
   "level": "warning"},
  {"message":
   "fast_verified_mul/schonhage_strassen_2.lean:637:6: Try this:\n  [apply] simp +zetaDelta only [Finset.mem_image, Finset.mem_univ, true_and] at *",
   "level": "info"},
  {"message":
   "fast_verified_mul/schonhage_strassen_2.lean:640:6: 'generalize_proofs at *' uses '*'!",
   "level": "info"},
  {"message":
   "fast_verified_mul/schonhage_strassen_2.lean:637:6: 'simp +zetaDelta at *' is a flexible tactic modifying '*'. Try 'simp?' and use the suggested 'simp only [...]'. Alternatively, use `suffices` to explicitly state the simplified form.\n\nNote: This linter can be disabled with `set_option linter.flexible false`",
   "level": "warning"},
  {"message":
   "fast_verified_mul/schonhage_strassen_2.lean:637:6: Try this:\n  [apply] simp +zetaDelta only [Finset.mem_image, Finset.mem_univ, true_and] at *",
   "level": "info"},
  {"message":
   "fast_verified_mul/schonhage_strassen_2.lean:640:6: 'generalize_proofs at *' uses '*'!",
   "level": "info"},
  {"message":
   "fast_verified_mul/schonhage_strassen_2.lean:637:6: 'simp +zetaDelta at *' is a flexible tactic modifying '*'. Try 'simp?' and use the suggested 'simp only [...]'. Alternatively, use `suffices` to explicitly state the simplified form.\n\nNote: This linter can be disabled with `set_option linter.flexible false`",
   "level": "warning"},
  {"message":
   "fast_verified_mul/schonhage_strassen_2.lean:637:6: Try this:\n  [apply] simp +zetaDelta only [Finset.mem_image, Finset.mem_univ, true_and] at *",
   "level": "info"},
  {"message":
   "fast_verified_mul/schonhage_strassen_2.lean:640:6: 'generalize_proofs at *' uses '*'!",
   "level": "info"},
  {"message":
   "fast_verified_mul/schonhage_strassen_2.lean:637:6: 'simp +zetaDelta at *' is a flexible tactic modifying '*'. Try 'simp?' and use the suggested 'simp only [...]'. Alternatively, use `suffices` to explicitly state the simplified form.\n\nNote: This linter can be disabled with `set_option linter.flexible false`",
   "level": "warning"},
  {"message":
   "fast_verified_mul/schonhage_strassen_2.lean:637:6: Try this:\n  [apply] simp +zetaDelta only [Finset.mem_image, Finset.mem_univ, true_and] at *",
   "level": "info"},
  {"message":
   "fast_verified_mul/schonhage_strassen_2.lean:640:6: 'generalize_proofs at *' uses '*'!",
   "level": "info"},
  {"message":
   "fast_verified_mul/schonhage_strassen_2.lean:637:6: 'simp +zetaDelta at *' is a flexible tactic modifying '*'. Try 'simp?' and use the suggested 'simp only [...]'. Alternatively, use `suffices` to explicitly state the simplified form.\n\nNote: This linter can be disabled with `set_option linter.flexible false`",
   "level": "warning"},
  {"message":
   "fast_verified_mul/schonhage_strassen_2.lean:637:6: Try this:\n  [apply] simp +zetaDelta only [Finset.mem_image, Finset.mem_univ, true_and] at *",
   "level": "info"},
  {"message":
   "fast_verified_mul/schonhage_strassen_2.lean:640:6: 'generalize_proofs at *' uses '*'!",
   "level": "info"},
  {"message":
   "fast_verified_mul/schonhage_strassen_2.lean:637:6: 'simp +zetaDelta at *' is a flexible tactic modifying '*'. Try 'simp?' and use the suggested 'simp only [...]'. Alternatively, use `suffices` to explicitly state the simplified form.\n\nNote: This linter can be disabled with `set_option linter.flexible false`",
   "level": "warning"},
  {"message":
   "fast_verified_mul/schonhage_strassen_2.lean:637:6: Try this:\n  [apply] simp +zetaDelta only [Finset.mem_image, Finset.mem_univ, true_and] at *",
   "level": "info"},
  {"message":
   "fast_verified_mul/schonhage_strassen_2.lean:640:6: 'generalize_proofs at *' uses '*'!",
   "level": "info"},
  {"message":
   "fast_verified_mul/schonhage_strassen_2.lean:637:6: 'simp +zetaDelta at *' is a flexible tactic modifying '*'. Try 'simp?' and use the suggested 'simp only [...]'. Alternatively, use `suffices` to explicitly state the simplified form.\n\nNote: This linter can be disabled with `set_option linter.flexible false`",
   "level": "warning"},
  {"message":
   "fast_verified_mul/schonhage_strassen_2.lean:637:6: Try this:\n  [apply] simp +zetaDelta only [Finset.mem_image, Finset.mem_univ, true_and] at *",
   "level": "info"},
  {"message":
   "fast_verified_mul/schonhage_strassen_2.lean:640:6: 'generalize_proofs at *' uses '*'!",
   "level": "info"},
  {"message":
   "fast_verified_mul/schonhage_strassen_2.lean:637:6: 'simp +zetaDelta at *' is a flexible tactic modifying '*'. Try 'simp?' and use the suggested 'simp only [...]'. Alternatively, use `suffices` to explicitly state the simplified form.\n\nNote: This linter can be disabled with `set_option linter.flexible false`",
   "level": "warning"},
  {"message":
   "fast_verified_mul/schonhage_strassen_2.lean:637:6: Try this:\n  [apply] simp +zetaDelta only [Finset.mem_image, Finset.mem_univ, true_and] at *",
   "level": "info"},
  {"message":
   "fast_verified_mul/schonhage_strassen_2.lean:640:6: 'generalize_proofs at *' uses '*'!",
   "level": "info"},
  {"message":
   "fast_verified_mul/schonhage_strassen_2.lean:637:6: 'simp +zetaDelta at *' is a flexible tactic modifying '*'. Try 'simp?' and use the suggested 'simp only [...]'. Alternatively, use `suffices` to explicitly state the simplified form.\n\nNote: This linter can be disabled with `set_option linter.flexible false`",
   "level": "warning"},
  {"message":
   "fast_verified_mul/schonhage_strassen_2.lean:637:6: Try this:\n  [apply] simp +zetaDelta only [Finset.mem_image, Finset.mem_univ, true_and] at *",
   "level": "info"},
  {"message":
   "fast_verified_mul/schonhage_strassen_2.lean:640:6: 'generalize_proofs at *' uses '*'!",
   "level": "info"},
  {"message":
   "fast_verified_mul/schonhage_strassen_2.lean:637:6: 'simp +zetaDelta at *' is a flexible tactic modifying '*'. Try 'simp?' and use the suggested 'simp only [...]'. Alternatively, use `suffices` to explicitly state the simplified form.\n\nNote: This linter can be disabled with `set_option linter.flexible false`",
   "level": "warning"},
  {"message":
   "fast_verified_mul/schonhage_strassen_2.lean:637:6: Try this:\n  [apply] simp +zetaDelta only [Finset.mem_image, Finset.mem_univ, true_and] at *",
   "level": "info"},
  {"message":
   "fast_verified_mul/schonhage_strassen_2.lean:640:6: 'generalize_proofs at *' uses '*'!",
   "level": "info"},
  {"message":
   "fast_verified_mul/schonhage_strassen_2.lean:637:6: 'simp +zetaDelta at *' is a flexible tactic modifying '*'. Try 'simp?' and use the suggested 'simp only [...]'. Alternatively, use `suffices` to explicitly state the simplified form.\n\nNote: This linter can be disabled with `set_option linter.flexible false`",
   "level": "warning"},
  {"message":
   "fast_verified_mul/schonhage_strassen_2.lean:637:6: Try this:\n  [apply] simp +zetaDelta only [Finset.mem_image, Finset.mem_univ, true_and] at *",
   "level": "info"},
  {"message":
   "fast_verified_mul/schonhage_strassen_2.lean:640:6: 'generalize_proofs at *' uses '*'!",
   "level": "info"},
  {"message":
   "fast_verified_mul/schonhage_strassen_2.lean:635:6: 'simp at hp' is a flexible tactic modifying 'hp'. Try 'simp?' and use the suggested 'simp only [...]'. Alternatively, use `suffices` to explicitly state the simplified form.\n\nNote: This linter can be disabled with `set_option linter.flexible false`",
   "level": "warning"},
  {"message":
   "fast_verified_mul/schonhage_strassen_2.lean:635:6: Try this:\n  [apply] simp only [Finset.mem_image, Finset.mem_univ, true_and] at hp",
   "level": "info"},
  {"message":
   "fast_verified_mul/schonhage_strassen_2.lean:640:6: 'generalize_proofs at *' uses 'hp'!",
   "level": "info"},
  {"message":
   "fast_verified_mul/schonhage_strassen_2.lean:637:6: 'simp +zetaDelta at *' is a flexible tactic modifying '*'. Try 'simp?' and use the suggested 'simp only [...]'. Alternatively, use `suffices` to explicitly state the simplified form.\n\nNote: This linter can be disabled with `set_option linter.flexible false`",
   "level": "warning"},
  {"message":
   "fast_verified_mul/schonhage_strassen_2.lean:637:6: Try this:\n  [apply] simp +zetaDelta only [Finset.mem_image, Finset.mem_univ, true_and] at *",
   "level": "info"},
  {"message":
   "fast_verified_mul/schonhage_strassen_2.lean:640:6: 'generalize_proofs at *' uses '*'!",
   "level": "info"},
  {"message":
   "fast_verified_mul/schonhage_strassen_2.lean:637:6: 'simp +zetaDelta at *' is a flexible tactic modifying '*'. Try 'simp?' and use the suggested 'simp only [...]'. Alternatively, use `suffices` to explicitly state the simplified form.\n\nNote: This linter can be disabled with `set_option linter.flexible false`",
   "level": "warning"},
  {"message":
   "fast_verified_mul/schonhage_strassen_2.lean:637:6: Try this:\n  [apply] simp +zetaDelta only [Finset.mem_image, Finset.mem_univ, true_and] at *",
   "level": "info"},
  {"message":
   "fast_verified_mul/schonhage_strassen_2.lean:640:6: 'generalize_proofs at *' uses '*'!",
   "level": "info"},
  {"message":
   "fast_verified_mul/schonhage_strassen_2.lean:637:6: 'simp +zetaDelta at *' is a flexible tactic modifying '*'. Try 'simp?' and use the suggested 'simp only [...]'. Alternatively, use `suffices` to explicitly state the simplified form.\n\nNote: This linter can be disabled with `set_option linter.flexible false`",
   "level": "warning"},
  {"message":
   "fast_verified_mul/schonhage_strassen_2.lean:637:6: Try this:\n  [apply] simp +zetaDelta only [Finset.mem_image, Finset.mem_univ, true_and] at *",
   "level": "info"},
  {"message":
   "fast_verified_mul/schonhage_strassen_2.lean:641:6: 'exact\n  Prod.ext (Fin.ext <| by linarith [Nat.mod_eq_of_lt hp.2])\n    (Fin.ext <| by norm_num;\n      linarith [Nat.mod_eq_of_lt hp.2, Nat.sub_add_cancel <| show (p.1 : ℕ) ≤ l from by linarith])' uses '*'!",
   "level": "info"},
  {"message":
   "fast_verified_mul/schonhage_strassen_2.lean:637:6: 'simp +zetaDelta at *' is a flexible tactic modifying '*'. Try 'simp?' and use the suggested 'simp only [...]'. Alternatively, use `suffices` to explicitly state the simplified form.\n\nNote: This linter can be disabled with `set_option linter.flexible false`",
   "level": "warning"},
  {"message":
   "fast_verified_mul/schonhage_strassen_2.lean:637:6: Try this:\n  [apply] simp +zetaDelta only [Finset.mem_image, Finset.mem_univ, true_and] at *",
   "level": "info"},
  {"message":
   "fast_verified_mul/schonhage_strassen_2.lean:641:6: 'exact\n  Prod.ext (Fin.ext <| by linarith [Nat.mod_eq_of_lt hp.2])\n    (Fin.ext <| by norm_num;\n      linarith [Nat.mod_eq_of_lt hp.2, Nat.sub_add_cancel <| show (p.1 : ℕ) ≤ l from by linarith])' uses '*'!",
   "level": "info"},
  {"message":
   "fast_verified_mul/schonhage_strassen_2.lean:637:6: 'simp +zetaDelta at *' is a flexible tactic modifying '*'. Try 'simp?' and use the suggested 'simp only [...]'. Alternatively, use `suffices` to explicitly state the simplified form.\n\nNote: This linter can be disabled with `set_option linter.flexible false`",
   "level": "warning"},
  {"message":
   "fast_verified_mul/schonhage_strassen_2.lean:637:6: Try this:\n  [apply] simp +zetaDelta only [Finset.mem_image, Finset.mem_univ, true_and] at *",
   "level": "info"},
  {"message":
   "fast_verified_mul/schonhage_strassen_2.lean:641:6: 'exact\n  Prod.ext (Fin.ext <| by linarith [Nat.mod_eq_of_lt hp.2])\n    (Fin.ext <| by norm_num;\n      linarith [Nat.mod_eq_of_lt hp.2, Nat.sub_add_cancel <| show (p.1 : ℕ) ≤ l from by linarith])' uses '*'!",
   "level": "info"},
  {"message":
   "fast_verified_mul/schonhage_strassen_2.lean:635:6: 'simp at hp' is a flexible tactic modifying 'hp'. Try 'simp?' and use the suggested 'simp only [...]'. Alternatively, use `suffices` to explicitly state the simplified form.\n\nNote: This linter can be disabled with `set_option linter.flexible false`",
   "level": "warning"},
  {"message":
   "fast_verified_mul/schonhage_strassen_2.lean:635:6: Try this:\n  [apply] simp only [Finset.mem_image, Finset.mem_univ, true_and] at hp",
   "level": "info"},
  {"message":
   "fast_verified_mul/schonhage_strassen_2.lean:641:6: 'exact\n  Prod.ext (Fin.ext <| by linarith [Nat.mod_eq_of_lt hp.2])\n    (Fin.ext <| by norm_num;\n      linarith [Nat.mod_eq_of_lt hp.2, Nat.sub_add_cancel <| show (p.1 : ℕ) ≤ l from by linarith])' uses 'hp'!",
   "level": "info"},
  {"message":
   "fast_verified_mul/schonhage_strassen_2.lean:623:2: The following tactic starts with 4 goals and ends with 3 goals, 3 of which are not operated on.\n  use fun i =>\n    ∑ k : Fin K, if (i.val + k.val) % K = l.val then if i.val + k.val < K then (BETA : ℤ) * (BETA : ℤ) else 0 else 0\nPlease focus on the current goal, for instance using `·` (typed as \"\\.\").\n\nNote: This linter can be disabled with `set_option linter.style.multiGoal false`",
   "level": "warning"},
  {"message":
   "fast_verified_mul/schonhage_strassen_2.lean:623:100: This line exceeds the 100 character limit, please shorten it!\n\nNote: This linter can be disabled with `set_option linter.style.longLine false`",
   "level": "warning"},
  {"message":
   "fast_verified_mul/schonhage_strassen_2.lean:631:100: This line exceeds the 100 character limit, please shorten it!\n\nNote: This linter can be disabled with `set_option linter.style.longLine false`",
   "level": "warning"},
  {"message":
   "fast_verified_mul/schonhage_strassen_2.lean:632:100: This line exceeds the 100 character limit, please shorten it!\n\nNote: This linter can be disabled with `set_option linter.style.longLine false`",
   "level": "warning"},
  {"message":
   "fast_verified_mul/schonhage_strassen_2.lean:633:100: This line exceeds the 100 character limit, please shorten it!\n\nNote: This linter can be disabled with `set_option linter.style.longLine false`",
   "level": "warning"},
  {"message":
   "fast_verified_mul/schonhage_strassen_2.lean:641:100: This line exceeds the 100 character limit, please shorten it!\n\nNote: This linter can be disabled with `set_option linter.style.longLine false`",
   "level": "warning"},
  {"message":
   "fast_verified_mul/schonhage_strassen_2.lean:642:100: This line exceeds the 100 character limit, please shorten it!\n\nNote: This linter can be disabled with `set_option linter.style.longLine false`",
   "level": "warning"},
  {"message":
   "fast_verified_mul/schonhage_strassen_2.lean:643:100: This line exceeds the 100 character limit, please shorten it!\n\nNote: This linter can be disabled with `set_option linter.style.longLine false`",
   "level": "warning"},
  {"message":
   "fast_verified_mul/schonhage_strassen_2.lean:665:131: This simp argument is unused:\n  Nat.dvd_iff_mod_eq_zero\n\nHint: Omit it from the simp argument list.\n  simp_all +decide ̵[̵ ̵N̵a̵t̵.̵d̵v̵d̵_̵i̵f̵f̵_̵m̵o̵d̵_̵e̵q̵_̵z̵e̵r̵o̵ ̵]̵\n\nNote: This linter can be disabled with `set_option linter.unusedSimpArgs false`",
   "level": "warning"},
  {"message":
   "fast_verified_mul/schonhage_strassen_2.lean:667:78: This simp argument is unused:\n  Nat.mod_eq_of_lt\n\nHint: Omit it from the simp argument list.\n  simp_all +decide ̵[̵ ̵N̵a̵t̵.̵m̵o̵d̵_̵e̵q̵_̵o̵f̵_̵l̵t̵ ̵]̵\n\nNote: This linter can be disabled with `set_option linter.unusedSimpArgs false`",
   "level": "warning"},
  {"message":
   "fast_verified_mul/schonhage_strassen_2.lean:670:21: This simp argument is unused:\n  Finset.sum_ite\n\nHint: Omit it from the simp argument list.\n  simp +decide [̵ ̵F̵i̵n̵s̵e̵t̵.̵s̵u̵m̵_̵i̵t̵e̵,̵ ̵F̵i̵n̵s̵e̵t̵.̵f̵i̵l̵t̵e̵r̵_̵l̵t̵_̵e̵q̵_̵I̵o̵i̵ ̵]̵[̲F̲i̲n̲s̲e̲t̲.̲f̲i̲l̲t̲e̲r̲_̲l̲t̲_̲e̲q̲_̲I̲o̲i̲]̲\n\nNote: This linter can be disabled with `set_option linter.unusedSimpArgs false`",
   "level": "warning"},
  {"message":
   "fast_verified_mul/schonhage_strassen_2.lean:669:6: The `refine'` tactic is discouraged: please strongly consider using `refine` or `apply` instead.\n\nNote: This linter can be disabled with `set_option linter.style.refine false`",
   "level": "warning"},
  {"message":
   "fast_verified_mul/schonhage_strassen_2.lean:680:2: The `refine'` tactic is discouraged: please strongly consider using `refine` or `apply` instead.\n\nNote: This linter can be disabled with `set_option linter.style.refine false`",
   "level": "warning"},
  {"message":
   "fast_verified_mul/schonhage_strassen_2.lean:664:31: 'simp_all +decide [ Finset.card_le_one ]' is a flexible tactic modifying '⊢'. Try 'simp_all?' and use the suggested 'simp_all only [...]'. Alternatively, use `suffices` to explicitly state the simplified form.\n\nNote: This linter can be disabled with `set_option linter.flexible false`",
   "level": "warning"},
  {"message":
   "fast_verified_mul/schonhage_strassen_2.lean:664:31: Try this:\n  [apply] simp_all +decide only [ge_iff_le]",
   "level": "info"},
  {"message":
   "fast_verified_mul/schonhage_strassen_2.lean:665:10: 'intro a ha₁ ha₂ b hb₁ hb₂' uses '⊢'!",
   "level": "info"},
  {"message":
   "fast_verified_mul/schonhage_strassen_2.lean:664:31: 'simp_all +decide [ Finset.card_le_one ]' is a flexible tactic modifying '⊢'. Try 'simp_all?' and use the suggested 'simp_all only [...]'. Alternatively, use `suffices` to explicitly state the simplified form.\n\nNote: This linter can be disabled with `set_option linter.flexible false`",
   "level": "warning"},
  {"message":
   "fast_verified_mul/schonhage_strassen_2.lean:664:31: Try this:\n  [apply] simp_all +decide only [ge_iff_le]",
   "level": "info"},
  {"message":
   "fast_verified_mul/schonhage_strassen_2.lean:665:37: 'rw [Fin.ext_iff]' uses '⊢'!",
   "level": "info"},
  {"message":
   "fast_verified_mul/schonhage_strassen_2.lean:664:31: 'simp_all +decide [ Finset.card_le_one ]' is a flexible tactic modifying '⊢'. Try 'simp_all?' and use the suggested 'simp_all only [...]'. Alternatively, use `suffices` to explicitly state the simplified form.\n\nNote: This linter can be disabled with `set_option linter.flexible false`",
   "level": "warning"},
  {"message":
   "fast_verified_mul/schonhage_strassen_2.lean:664:31: Try this:\n  [apply] simp_all +decide only [ge_iff_le, nonpos_iff_eq_zero, Finset.card_eq_zero, Finset.filter_eq_empty_iff,\n    Finset.mem_univ, not_and, not_le, forall_const]",
   "level": "info"},
  {"message":
   "fast_verified_mul/schonhage_strassen_2.lean:667:10: 'intro x hx' uses '⊢'!",
   "level": "info"},
  {"message":
   "fast_verified_mul/schonhage_strassen_2.lean:658:100: This line exceeds the 100 character limit, please shorten it!\n\nNote: This linter can be disabled with `set_option linter.style.longLine false`",
   "level": "warning"},
  {"message":
   "fast_verified_mul/schonhage_strassen_2.lean:659:100: This line exceeds the 100 character limit, please shorten it!\n\nNote: This linter can be disabled with `set_option linter.style.longLine false`",
   "level": "warning"},
  {"message":
   "fast_verified_mul/schonhage_strassen_2.lean:661:100: This line exceeds the 100 character limit, please shorten it!\n\nNote: This linter can be disabled with `set_option linter.style.longLine false`",
   "level": "warning"},
  {"message":
   "fast_verified_mul/schonhage_strassen_2.lean:662:100: This line exceeds the 100 character limit, please shorten it!\n\nNote: This linter can be disabled with `set_option linter.style.longLine false`",
   "level": "warning"},
  {"message":
   "fast_verified_mul/schonhage_strassen_2.lean:663:100: This line exceeds the 100 character limit, please shorten it!\n\nNote: This linter can be disabled with `set_option linter.style.longLine false`",
   "level": "warning"},
  {"message":
   "fast_verified_mul/schonhage_strassen_2.lean:665:100: This line exceeds the 100 character limit, please shorten it!\n\nNote: This linter can be disabled with `set_option linter.style.longLine false`",
   "level": "warning"},
  {"message":
   "fast_verified_mul/schonhage_strassen_2.lean:666:100: This line exceeds the 100 character limit, please shorten it!\n\nNote: This linter can be disabled with `set_option linter.style.longLine false`",
   "level": "warning"},
  {"message":
   "fast_verified_mul/schonhage_strassen_2.lean:668:100: This line exceeds the 100 character limit, please shorten it!\n\nNote: This linter can be disabled with `set_option linter.style.longLine false`",
   "level": "warning"},
  {"message":
   "fast_verified_mul/schonhage_strassen_2.lean:671:100: This line exceeds the 100 character limit, please shorten it!\n\nNote: This linter can be disabled with `set_option linter.style.longLine false`",
   "level": "warning"},
  {"message":
   "fast_verified_mul/schonhage_strassen_2.lean:674:100: This line exceeds the 100 character limit, please shorten it!\n\nNote: This linter can be disabled with `set_option linter.style.longLine false`",
   "level": "warning"},
  {"message":
   "fast_verified_mul/schonhage_strassen_2.lean:694:2: The following tactic starts with 9 goals and ends with 7 goals, 6 of which are not operated on.\n  congr! 1\nPlease focus on the current goal, for instance using `·` (typed as \"\\.\").\n\nNote: This linter can be disabled with `set_option linter.style.multiGoal false`",
   "level": "warning"},
  {"message":
   "fast_verified_mul/schonhage_strassen_2.lean:695:2: The following tactic starts with 7 goals and ends with 2 goals, 2 of which are not operated on.\n  convert\n    congr_arg (fun x : ZMod (2 ^ n + 1) => x * (BETA : ZMod (2 ^ n + 1)) ^ (↑‹Fin K› : ℕ))\n      (negacyclic_conv_int_cast _ _ _) using\n    1\nPlease focus on the current goal, for instance using `·` (typed as \"\\.\").\n\nNote: This linter can be disabled with `set_option linter.style.multiGoal false`",
   "level": "warning"},
  {"message":
   "fast_verified_mul/schonhage_strassen_2.lean:695:100: This line exceeds the 100 character limit, please shorten it!\n\nNote: This linter can be disabled with `set_option linter.style.longLine false`",
   "level": "warning"},
  {"message":
   "fast_verified_mul/schonhage_strassen_2.lean:696:100: This line exceeds the 100 character limit, please shorten it!\n\nNote: This linter can be disabled with `set_option linter.style.longLine false`",
   "level": "warning"},
  {"message":
   "fast_verified_mul/schonhage_strassen_2.lean:697:100: This line exceeds the 100 character limit, please shorten it!\n\nNote: This linter can be disabled with `set_option linter.style.longLine false`",
   "level": "warning"},
  {"message":
   "fast_verified_mul/schonhage_strassen_2.lean:699:100: This line exceeds the 100 character limit, please shorten it!\n\nNote: This linter can be disabled with `set_option linter.style.longLine false`",
   "level": "warning"},
  {"message":
   "fast_verified_mul/schonhage_strassen_2.lean:700:100: This line exceeds the 100 character limit, please shorten it!\n\nNote: This linter can be disabled with `set_option linter.style.longLine false`",
   "level": "warning"},
  {"message":
   "fast_verified_mul/schonhage_strassen_2.lean:726:37: This simp argument is unused:\n  Int.emod_eq_of_lt\n\nHint: Omit it from the simp argument list.\n  simp_all +decide ̵[̵ ̵I̵n̵t̵.̵e̵m̵o̵d̵_̵e̵q̵_̵o̵f̵_̵l̵t̵ ̵]̵\n\nNote: This linter can be disabled with `set_option linter.unusedSimpArgs false`",
   "level": "warning"},
  {"message":
   "fast_verified_mul/schonhage_strassen_2.lean:726:18: 'simp_all +decide [ Int.emod_eq_of_lt ]' is a flexible tactic modifying '⊢'. Try 'simp_all?' and use the suggested 'simp_all only [...]'. Alternatively, use `suffices` to explicitly state the simplified form.\n\nNote: This linter can be disabled with `set_option linter.flexible false`",
   "level": "warning"},
  {"message":
   "fast_verified_mul/schonhage_strassen_2.lean:726:18: Try this:\n  [apply] simp_all +decide only [ZMod.natCast_val]",
   "level": "info"},
  {"message":
   "fast_verified_mul/schonhage_strassen_2.lean:727:6: 'rw [Int.emod_eq_add_self_emod]' uses '⊢'!",
   "level": "info"},
  {"message":
   "fast_verified_mul/schonhage_strassen_2.lean:726:18: 'simp_all +decide [ Int.emod_eq_of_lt ]' is a flexible tactic modifying '⊢'. Try 'simp_all?' and use the suggested 'simp_all only [...]'. Alternatively, use `suffices` to explicitly state the simplified form.\n\nNote: This linter can be disabled with `set_option linter.flexible false`",
   "level": "warning"},
  {"message":
   "fast_verified_mul/schonhage_strassen_2.lean:726:18: Try this:\n  [apply] simp_all +decide only [ZMod.natCast_val]",
   "level": "info"},
  {"message":
   "fast_verified_mul/schonhage_strassen_2.lean:728:6: 'rw [Int.emod_eq_of_lt]' uses '⊢'!",
   "level": "info"},
  {"message":
   "fast_verified_mul/schonhage_strassen_2.lean:726:18: 'simp_all +decide [ Int.emod_eq_of_lt ]' is a flexible tactic modifying '⊢'. Try 'simp_all?' and use the suggested 'simp_all only [...]'. Alternatively, use `suffices` to explicitly state the simplified form.\n\nNote: This linter can be disabled with `set_option linter.flexible false`",
   "level": "warning"},
  {"message":
   "fast_verified_mul/schonhage_strassen_2.lean:726:18: Try this:\n  [apply] simp_all +decide only [ZMod.natCast_val]",
   "level": "info"},
  {"message":
   "fast_verified_mul/schonhage_strassen_2.lean:729:6: 'rw [Int.emod_eq_of_lt]' uses '⊢'!",
   "level": "info"},
  {"message":
   "fast_verified_mul/schonhage_strassen_2.lean:718:100: This line exceeds the 100 character limit, please shorten it!\n\nNote: This linter can be disabled with `set_option linter.style.longLine false`",
   "level": "warning"},
  {"message":
   "fast_verified_mul/schonhage_strassen_2.lean:719:100: This line exceeds the 100 character limit, please shorten it!\n\nNote: This linter can be disabled with `set_option linter.style.longLine false`",
   "level": "warning"},
  {"message":
   "fast_verified_mul/schonhage_strassen_2.lean:720:100: This line exceeds the 100 character limit, please shorten it!\n\nNote: This linter can be disabled with `set_option linter.style.longLine false`",
   "level": "warning"},
  {"message":
   "fast_verified_mul/schonhage_strassen_2.lean:721:100: This line exceeds the 100 character limit, please shorten it!\n\nNote: This linter can be disabled with `set_option linter.style.longLine false`",
   "level": "warning"},
  {"message":
   "fast_verified_mul/schonhage_strassen_2.lean:722:100: This line exceeds the 100 character limit, please shorten it!\n\nNote: This linter can be disabled with `set_option linter.style.longLine false`",
   "level": "warning"},
  {"message":
   "fast_verified_mul/schonhage_strassen_2.lean:723:100: This line exceeds the 100 character limit, please shorten it!\n\nNote: This linter can be disabled with `set_option linter.style.longLine false`",
   "level": "warning"},
  {"message":
   "fast_verified_mul/schonhage_strassen_2.lean:780:108: This simp argument is unused:\n  mul_assoc\n\nHint: Omit it from the simp argument list.\n  simp_all +decide [̵ ̵m̵u̵l̵_̵a̵s̵s̵o̵c̵,̵ ̵m̵u̵l̵_̵c̵o̵m̵m̵,̵ ̵m̵u̵l̵_̵l̵e̵f̵t̵_̵c̵o̵m̵m̵ ̵]̵[̲m̲u̲l̲_̲c̲o̲m̲m̲,̲\n  ̲ ̲ ̲ ̲ ̲m̲u̲l̲_̲l̲e̲f̲t̲_̲c̲o̲m̲m̲]̲\n\nNote: This linter can be disabled with `set_option linter.unusedSimpArgs false`",
   "level": "warning"},
  {"message":
   "fast_verified_mul/schonhage_strassen_2.lean:772:116: 'simp_all +decide [ NTT ]' is a flexible tactic modifying '⊢'. Try 'simp_all?' and use the suggested 'simp_all only [...]'. Alternatively, use `suffices` to explicitly state the simplified form.\n\nNote: This linter can be disabled with `set_option linter.flexible false`",
   "level": "warning"},
  {"message":
   "fast_verified_mul/schonhage_strassen_2.lean:772:116: Try this:\n  [apply] simp_all +decide only [Fin.getElem_fin, Vector.getElem_ofFn, Fin.eta]",
   "level": "info"},
  {"message":
   "fast_verified_mul/schonhage_strassen_2.lean:773:8: 'have := FFT_zmod_eq_NTT (Vector.ofFn fun j : Fin (2 ^ k) => B j * THETA ^ (j : ℕ)) (THETA ^ 2) ?_' uses '⊢'!",
   "level": "info"},
  {"message":
   "fast_verified_mul/schonhage_strassen_2.lean:772:116: 'simp_all +decide [ NTT ]' is a flexible tactic modifying '⊢'. Try 'simp_all?' and use the suggested 'simp_all only [...]'. Alternatively, use `suffices` to explicitly state the simplified form.\n\nNote: This linter can be disabled with `set_option linter.flexible false`",
   "level": "warning"},
  {"message":
   "fast_verified_mul/schonhage_strassen_2.lean:772:116: Try this:\n  [apply] simp_all +decide only [Fin.getElem_fin, Vector.getElem_ofFn, Fin.eta]",
   "level": "info"},
  {"message":
   "fast_verified_mul/schonhage_strassen_2.lean:774:8: 'rcases k with (_ | _ | k)' uses '⊢'!",
   "level": "info"},
  {"message":
   "fast_verified_mul/schonhage_strassen_2.lean:778:38: 'simp_all +decide [ pow_succ', pow_mul ]' is a flexible tactic modifying '⊢'. Try 'simp_all?' and use the suggested 'simp_all only [...]'. Alternatively, use `suffices` to explicitly state the simplified form.\n\nNote: This linter can be disabled with `set_option linter.flexible false`",
   "level": "warning"},
  {"message":
   "fast_verified_mul/schonhage_strassen_2.lean:778:38: Try this:\n  [apply] simp_all +decide only [ge_iff_le, le_add_iff_nonneg_left, zero_le, add_tsub_cancel_right, forall_const]",
   "level": "info"},
  {"message":
   "fast_verified_mul/schonhage_strassen_2.lean:779:6: 'exact neg_eq_iff_eq_neg.mp h_inv_pow' uses '⊢'!",
   "level": "info"},
  {"message":
   "fast_verified_mul/schonhage_strassen_2.lean:763:100: This line exceeds the 100 character limit, please shorten it!\n\nNote: This linter can be disabled with `set_option linter.style.longLine false`",
   "level": "warning"},
  {"message":
   "fast_verified_mul/schonhage_strassen_2.lean:764:100: This line exceeds the 100 character limit, please shorten it!\n\nNote: This linter can be disabled with `set_option linter.style.longLine false`",
   "level": "warning"},
  {"message":
   "fast_verified_mul/schonhage_strassen_2.lean:766:100: This line exceeds the 100 character limit, please shorten it!\n\nNote: This linter can be disabled with `set_option linter.style.longLine false`",
   "level": "warning"},
  {"message":
   "fast_verified_mul/schonhage_strassen_2.lean:769:100: This line exceeds the 100 character limit, please shorten it!\n\nNote: This linter can be disabled with `set_option linter.style.longLine false`",
   "level": "warning"},
  {"message":
   "fast_verified_mul/schonhage_strassen_2.lean:771:100: This line exceeds the 100 character limit, please shorten it!\n\nNote: This linter can be disabled with `set_option linter.style.longLine false`",
   "level": "warning"},
  {"message":
   "fast_verified_mul/schonhage_strassen_2.lean:772:100: This line exceeds the 100 character limit, please shorten it!\n\nNote: This linter can be disabled with `set_option linter.style.longLine false`",
   "level": "warning"},
  {"message":
   "fast_verified_mul/schonhage_strassen_2.lean:773:100: This line exceeds the 100 character limit, please shorten it!\n\nNote: This linter can be disabled with `set_option linter.style.longLine false`",
   "level": "warning"},
  {"message":
   "fast_verified_mul/schonhage_strassen_2.lean:776:100: This line exceeds the 100 character limit, please shorten it!\n\nNote: This linter can be disabled with `set_option linter.style.longLine false`",
   "level": "warning"},
  {"message":
   "fast_verified_mul/schonhage_strassen_2.lean:780:100: This line exceeds the 100 character limit, please shorten it!\n\nNote: This linter can be disabled with `set_option linter.style.longLine false`",
   "level": "warning"},
  {"message":
   "fast_verified_mul/schonhage_strassen_2.lean:825:23: This simp argument is unused:\n  ZMod.coe_mul_inv_eq_one\n\nHint: Omit it from the simp argument list.\n  simp +decide ̵[̵ ̵Z̵M̵o̵d̵.̵c̵o̵e̵_̵m̵u̵l̵_̵i̵n̵v̵_̵e̵q̵_̵o̵n̵e̵ ̵]̵\n\nNote: This linter can be disabled with `set_option linter.unusedSimpArgs false`",
   "level": "warning"},
  {"message":
   "fast_verified_mul/schonhage_strassen_2.lean:874:8: The `refine'` tactic is discouraged: please strongly consider using `refine` or `apply` instead.\n\nNote: This linter can be disabled with `set_option linter.style.refine false`",
   "level": "warning"},
  {"message":
   "fast_verified_mul/schonhage_strassen_2.lean:791:0: Please, add a comment explaining the need for modifying the maxHeartbeat limit, as in\nset_option maxHeartbeats 800000 in\n-- reason for change\n...\n\nNote: This linter can be disabled with `set_option linter.style.maxHeartbeats false`",
   "level": "warning"},
  {"message":
   "fast_verified_mul/schonhage_strassen_2.lean:818:8: 'simp +decide [ ZMod.inv ]' is a flexible tactic modifying '⊢'. Try 'simp?' and use the suggested 'simp only [...]'. Alternatively, use `suffices` to explicitly state the simplified form.\n\nNote: This linter can be disabled with `set_option linter.flexible false`",
   "level": "warning"},
  {"message":
   "fast_verified_mul/schonhage_strassen_2.lean:818:8: Try this:\n  [apply] simp +decide only [ge_iff_le, Nat.cast_pow, Nat.cast_ofNat]",
   "level": "info"},
  {"message":
   "fast_verified_mul/schonhage_strassen_2.lean:819:8: 'exact Iff.symm (imp_iff_right h_coprime)' uses '⊢'!",
   "level": "info"},
  {"message":
   "fast_verified_mul/schonhage_strassen_2.lean:825:8: 'simp +decide [ ZMod.coe_mul_inv_eq_one ]' is a flexible tactic modifying '⊢'. Try 'simp?' and use the suggested 'simp only [...]'. Alternatively, use `suffices` to explicitly state the simplified form.\n\nNote: This linter can be disabled with `set_option linter.flexible false`",
   "level": "warning"},
  {"message":
   "fast_verified_mul/schonhage_strassen_2.lean:825:8: Try this:\n  [apply] simp +decide only [ge_iff_le, Order.lt_two_iff, zero_le, Nat.coprime_pow_left_iff, Nat.cast_pow,\n    Nat.cast_ofNat]",
   "level": "info"},
  {"message":
   "fast_verified_mul/schonhage_strassen_2.lean:826:24: 'intro h' uses '⊢'!",
   "level": "info"},
  {"message":
   "fast_verified_mul/schonhage_strassen_2.lean:825:8: 'simp +decide [ ZMod.coe_mul_inv_eq_one ]' is a flexible tactic modifying '⊢'. Try 'simp?' and use the suggested 'simp only [...]'. Alternatively, use `suffices` to explicitly state the simplified form.\n\nNote: This linter can be disabled with `set_option linter.flexible false`",
   "level": "warning"},
  {"message":
   "fast_verified_mul/schonhage_strassen_2.lean:825:8: Try this:\n  [apply] simp +decide only [ge_iff_le, Order.lt_two_iff, zero_le, Nat.coprime_pow_left_iff, Nat.cast_pow,\n    Nat.cast_ofNat]",
   "level": "info"},
  {"message":
   "fast_verified_mul/schonhage_strassen_2.lean:826:24: 'intro h' uses '⊢'!",
   "level": "info"},
  {"message":
   "fast_verified_mul/schonhage_strassen_2.lean:825:8: 'simp +decide [ ZMod.coe_mul_inv_eq_one ]' is a flexible tactic modifying '⊢'. Try 'simp?' and use the suggested 'simp only [...]'. Alternatively, use `suffices` to explicitly state the simplified form.\n\nNote: This linter can be disabled with `set_option linter.flexible false`",
   "level": "warning"},
  {"message":
   "fast_verified_mul/schonhage_strassen_2.lean:825:8: Try this:\n  [apply] simp +decide only [ge_iff_le, Order.lt_two_iff, zero_le, Nat.coprime_pow_left_iff, Nat.cast_pow,\n    Nat.cast_ofNat]",
   "level": "info"},
  {"message":
   "fast_verified_mul/schonhage_strassen_2.lean:828:10: 'convert h _ using 1' uses '⊢'!",
   "level": "info"},
  {"message":
   "fast_verified_mul/schonhage_strassen_2.lean:825:8: 'simp +decide [ ZMod.coe_mul_inv_eq_one ]' is a flexible tactic modifying '⊢'. Try 'simp?' and use the suggested 'simp only [...]'. Alternatively, use `suffices` to explicitly state the simplified form.\n\nNote: This linter can be disabled with `set_option linter.flexible false`",
   "level": "warning"},
  {"message":
   "fast_verified_mul/schonhage_strassen_2.lean:825:8: Try this:\n  [apply] simp +decide only [ge_iff_le, Order.lt_two_iff, zero_le, Nat.coprime_pow_left_iff, Nat.cast_pow,\n    Nat.cast_ofNat]",
   "level": "info"},
  {"message":
   "fast_verified_mul/schonhage_strassen_2.lean:829:10: 'convert two_pow_coprime_two_pow_succ _ _ _ using 1' uses '⊢'!",
   "level": "info"},
  {"message":
   "fast_verified_mul/schonhage_strassen_2.lean:875:8: 'simp +zetaDelta at *' is a flexible tactic modifying '*'. Try 'simp?' and use the suggested 'simp only [...]'. Alternatively, use `suffices` to explicitly state the simplified form.\n\nNote: This linter can be disabled with `set_option linter.flexible false`",
   "level": "warning"},
  {"message":
   "fast_verified_mul/schonhage_strassen_2.lean:875:8: Try this:\n  [apply] simp +zetaDelta only [ge_iff_le, Fin.getElem_fin, Nat.cast_pow, Nat.cast_ofNat] at *",
   "level": "info"},
  {"message":
   "fast_verified_mul/schonhage_strassen_2.lean:876:8: 'rw [← h_recover_sign l, ← h_pipeline l]' uses '*'!",
   "level": "info"},
  {"message":
   "fast_verified_mul/schonhage_strassen_2.lean:875:8: 'simp +zetaDelta at *' is a flexible tactic modifying '*'. Try 'simp?' and use the suggested 'simp only [...]'. Alternatively, use `suffices` to explicitly state the simplified form.\n\nNote: This linter can be disabled with `set_option linter.flexible false`",
   "level": "warning"},
  {"message":
   "fast_verified_mul/schonhage_strassen_2.lean:875:8: Try this:\n  [apply] simp +zetaDelta only [ge_iff_le, Fin.getElem_fin, Nat.cast_pow, Nat.cast_ofNat] at *",
   "level": "info"},
  {"message":
   "fast_verified_mul/schonhage_strassen_2.lean:876:8: 'rw [← h_recover_sign l, ← h_pipeline l]' uses '*'!",
   "level": "info"},
  {"message":
   "fast_verified_mul/schonhage_strassen_2.lean:875:8: 'simp +zetaDelta at *' is a flexible tactic modifying '*'. Try 'simp?' and use the suggested 'simp only [...]'. Alternatively, use `suffices` to explicitly state the simplified form.\n\nNote: This linter can be disabled with `set_option linter.flexible false`",
   "level": "warning"},
  {"message":
   "fast_verified_mul/schonhage_strassen_2.lean:875:8: Try this:\n  [apply] simp +zetaDelta only [ge_iff_le, Fin.getElem_fin, Nat.cast_pow, Nat.cast_ofNat] at *",
   "level": "info"},
  {"message":
   "fast_verified_mul/schonhage_strassen_2.lean:876:8: 'rw [← h_recover_sign l, ← h_pipeline l]' uses '*'!",
   "level": "info"},
  {"message":
   "fast_verified_mul/schonhage_strassen_2.lean:875:8: 'simp +zetaDelta at *' is a flexible tactic modifying '*'. Try 'simp?' and use the suggested 'simp only [...]'. Alternatively, use `suffices` to explicitly state the simplified form.\n\nNote: This linter can be disabled with `set_option linter.flexible false`",
   "level": "warning"},
  {"message":
   "fast_verified_mul/schonhage_strassen_2.lean:875:8: Try this:\n  [apply] simp +zetaDelta only [ge_iff_le, Fin.getElem_fin, Nat.cast_pow, Nat.cast_ofNat] at *",
   "level": "info"},
  {"message":
   "fast_verified_mul/schonhage_strassen_2.lean:876:8: 'rw [← h_recover_sign l, ← h_pipeline l]' uses '*'!",
   "level": "info"},
  {"message":
   "fast_verified_mul/schonhage_strassen_2.lean:813:8: The following tactic starts with 3 goals and ends with 2 goals, 2 of which are not operated on.\n  exact 2 ^ Classical.choose (exists_suitable_n' n hn h_small) + 1\nPlease focus on the current goal, for instance using `·` (typed as \"\\.\").\n\nNote: This linter can be disabled with `set_option linter.style.multiGoal false`",
   "level": "warning"},
  {"message":
   "fast_verified_mul/schonhage_strassen_2.lean:814:8: The following tactic starts with 2 goals and ends with 1 goal, 1 of which is not operated on.\n  exact 2 ^ (Classical.choose (exists_suitable_n' n hn h_small) / 2 ^ (Nat.min (Classical.choose hn) (Nat.log 2 n - 1)))\nPlease focus on the current goal, for instance using `·` (typed as \"\\.\").\n\nNote: This linter can be disabled with `set_option linter.style.multiGoal false`",
   "level": "warning"},
  {"message":
   "fast_verified_mul/schonhage_strassen_2.lean:823:8: The following tactic starts with 3 goals and ends with 2 goals, 2 of which are not operated on.\n  exact 2 ^ Classical.choose (exists_suitable_n' n hn h_small) + 1\nPlease focus on the current goal, for instance using `·` (typed as \"\\.\").\n\nNote: This linter can be disabled with `set_option linter.style.multiGoal false`",
   "level": "warning"},
  {"message":
   "fast_verified_mul/schonhage_strassen_2.lean:824:8: The following tactic starts with 2 goals and ends with 1 goal, 1 of which is not operated on.\n  exact\n    (2 ^ (Classical.choose (exists_suitable_n' n hn h_small) / 2 ^ (Nat.min (Classical.choose hn) (Nat.log 2 n - 1)))) ^\n      2\nPlease focus on the current goal, for instance using `·` (typed as \"\\.\").\n\nNote: This linter can be disabled with `set_option linter.style.multiGoal false`",
   "level": "warning"},
  {"message":
   "fast_verified_mul/schonhage_strassen_2.lean:834:8: The following tactic starts with 3 goals and ends with 2 goals, 2 of which are not operated on.\n  exact 2 ^ (Nat.min (Classical.choose hn) (Nat.log 2 n - 1))\nPlease focus on the current goal, for instance using `·` (typed as \"\\.\").\n\nNote: This linter can be disabled with `set_option linter.style.multiGoal false`",
   "level": "warning"},
  {"message":
   "fast_verified_mul/schonhage_strassen_2.lean:841:8: The following tactic starts with 10 goals and ends with 9 goals, 9 of which are not operated on.\n  exact 2 ^ Classical.choose (exists_suitable_n' n hn h_small) + 1\nPlease focus on the current goal, for instance using `·` (typed as \"\\.\").\n\nNote: This linter can be disabled with `set_option linter.style.multiGoal false`",
   "level": "warning"},
  {"message":
   "fast_verified_mul/schonhage_strassen_2.lean:842:8: The following tactic starts with 9 goals and ends with 8 goals, 8 of which are not operated on.\n  exact ⟨by positivity⟩\nPlease focus on the current goal, for instance using `·` (typed as \"\\.\").\n\nNote: This linter can be disabled with `set_option linter.style.multiGoal false`",
   "level": "warning"},
  {"message":
   "fast_verified_mul/schonhage_strassen_2.lean:843:8: The following tactic starts with 8 goals and ends with 7 goals, 7 of which are not operated on.\n  exact fun j =>\n    (decompose a (2 ^ (n / 2 ^ (Nat.min (Classical.choose hn) (Nat.log 2 n - 1))))\n        (2 ^ (Nat.min (Classical.choose hn) (Nat.log 2 n - 1))) j :\n      ZMod (2 ^ Classical.choose (exists_suitable_n' n hn h_small) + 1))\nPlease focus on the current goal, for instance using `·` (typed as \"\\.\").\n\nNote: This linter can be disabled with `set_option linter.style.multiGoal false`",
   "level": "warning"},
  {"message":
   "fast_verified_mul/schonhage_strassen_2.lean:844:8: The following tactic starts with 7 goals and ends with 6 goals, 6 of which are not operated on.\n  exact fun j =>\n    (decompose b (2 ^ (n / 2 ^ (Nat.min (Classical.choose hn) (Nat.log 2 n - 1))))\n        (2 ^ (Nat.min (Classical.choose hn) (Nat.log 2 n - 1))) j :\n      ZMod (2 ^ Classical.choose (exists_suitable_n' n hn h_small) + 1))\nPlease focus on the current goal, for instance using `·` (typed as \"\\.\").\n\nNote: This linter can be disabled with `set_option linter.style.multiGoal false`",
   "level": "warning"},
  {"message":
   "fast_verified_mul/schonhage_strassen_2.lean:845:8: The following tactic starts with 6 goals and ends with 5 goals, 5 of which are not operated on.\n  exact 2 ^ (Classical.choose (exists_suitable_n' n hn h_small) / 2 ^ (Nat.min (Classical.choose hn) (Nat.log 2 n - 1)))\nPlease focus on the current goal, for instance using `·` (typed as \"\\.\").\n\nNote: This linter can be disabled with `set_option linter.style.multiGoal false`",
   "level": "warning"},
  {"message":
   "fast_verified_mul/schonhage_strassen_2.lean:806:100: This line exceeds the 100 character limit, please shorten it!\n\nNote: This linter can be disabled with `set_option linter.style.longLine false`",
   "level": "warning"},
  {"message":
   "fast_verified_mul/schonhage_strassen_2.lean:807:100: This line exceeds the 100 character limit, please shorten it!\n\nNote: This linter can be disabled with `set_option linter.style.longLine false`",
   "level": "warning"},
  {"message":
   "fast_verified_mul/schonhage_strassen_2.lean:810:100: This line exceeds the 100 character limit, please shorten it!\n\nNote: This linter can be disabled with `set_option linter.style.longLine false`",
   "level": "warning"},
  {"message":
   "fast_verified_mul/schonhage_strassen_2.lean:814:100: This line exceeds the 100 character limit, please shorten it!\n\nNote: This linter can be disabled with `set_option linter.style.longLine false`",
   "level": "warning"},
  {"message":
   "fast_verified_mul/schonhage_strassen_2.lean:815:100: This line exceeds the 100 character limit, please shorten it!\n\nNote: This linter can be disabled with `set_option linter.style.longLine false`",
   "level": "warning"},
  {"message":
   "fast_verified_mul/schonhage_strassen_2.lean:820:100: This line exceeds the 100 character limit, please shorten it!\n\nNote: This linter can be disabled with `set_option linter.style.longLine false`",
   "level": "warning"},
  {"message":
   "fast_verified_mul/schonhage_strassen_2.lean:824:100: This line exceeds the 100 character limit, please shorten it!\n\nNote: This linter can be disabled with `set_option linter.style.longLine false`",
   "level": "warning"},
  {"message":
   "fast_verified_mul/schonhage_strassen_2.lean:831:100: This line exceeds the 100 character limit, please shorten it!\n\nNote: This linter can be disabled with `set_option linter.style.longLine false`",
   "level": "warning"},
  {"message":
   "fast_verified_mul/schonhage_strassen_2.lean:838:100: This line exceeds the 100 character limit, please shorten it!\n\nNote: This linter can be disabled with `set_option linter.style.longLine false`",
   "level": "warning"},
  {"message":
   "fast_verified_mul/schonhage_strassen_2.lean:843:100: This line exceeds the 100 character limit, please shorten it!\n\nNote: This linter can be disabled with `set_option linter.style.longLine false`",
   "level": "warning"},
  {"message":
   "fast_verified_mul/schonhage_strassen_2.lean:844:100: This line exceeds the 100 character limit, please shorten it!\n\nNote: This linter can be disabled with `set_option linter.style.longLine false`",
   "level": "warning"},
  {"message":
   "fast_verified_mul/schonhage_strassen_2.lean:845:100: This line exceeds the 100 character limit, please shorten it!\n\nNote: This linter can be disabled with `set_option linter.style.longLine false`",
   "level": "warning"},
  {"message":
   "fast_verified_mul/schonhage_strassen_2.lean:851:100: This line exceeds the 100 character limit, please shorten it!\n\nNote: This linter can be disabled with `set_option linter.style.longLine false`",
   "level": "warning"},
  {"message":
   "fast_verified_mul/schonhage_strassen_2.lean:855:100: This line exceeds the 100 character limit, please shorten it!\n\nNote: This linter can be disabled with `set_option linter.style.longLine false`",
   "level": "warning"},
  {"message":
   "fast_verified_mul/schonhage_strassen_2.lean:866:100: This line exceeds the 100 character limit, please shorten it!\n\nNote: This linter can be disabled with `set_option linter.style.longLine false`",
   "level": "warning"},
  {"message":
   "fast_verified_mul/schonhage_strassen_2.lean:872:100: This line exceeds the 100 character limit, please shorten it!\n\nNote: This linter can be disabled with `set_option linter.style.longLine false`",
   "level": "warning"},
  {"message":
   "fast_verified_mul/schonhage_strassen_2.lean:873:100: This line exceeds the 100 character limit, please shorten it!\n\nNote: This linter can be disabled with `set_option linter.style.longLine false`",
   "level": "warning"}],
 "inputs":
 [["fast_verified_mul.schonhage_strassen_2:deps",
   [["deps",
     [["fast_verified_mul/fast_verified_mul:extraDep",
       [["@fast_verified_mul:extraDep", "00000000000006bb"]]],
      ["imports",
       [["Mathlib transitive imports (legacy)", "abc115b3312ed7dd"],
        ["Mathlib:importAllArts", "ae402e6d874ae9a0"]]]]],
    ["libs",
     [["import dynlibs", "00000000000006bb"],
      ["package external libraries", "00000000000006bb"],
      ["module dynlibs", "00000000000006bb"],
      ["module plugins", "00000000000006bb"]]]]],
  ["Lean 4.30.0, commit 3dc1a088b6d2d8eafe25a7cd7ec7b58d731bd7cc",
   "2c8d2623007dfc36"],
  ["/home/n/Documents/github/verified_mul_dcv/fast_verified_mul/schonhage_strassen_2.lean",
   "1b7ce5a589c168d0"],
  ["options",
   [["-DmaxSynthPendingDepth=3", "c78e353d34de85d4"],
    ["-Dweak.linter.mathlibStandardSet=true", "8a155799906f2b42"],
    ["-DrelaxedAutoImplicit=false", "74a2b5546b55be80"],
    ["-Dpp.unicode.fun=true", "9b94070140457fab"]]],
  ["isModule: false", "feefd2a0d3a1847e"],
  ["Module.name: fast_verified_mul.schonhage_strassen_2", "1c417ec94c3534ac"],
  ["Package.id?: (some fast_verified_mul)", "69bf6ad753670a8e"],
  ["Module.leanArgs: #[]", "00000000000006bb"]],
 "depHash": "e495b415f8f9a9ec"}