{"synthetic": false,
 "schemaVersion": "2025-09-10",
 "outputs":
 {"o": ["b557f342ed2cbb3c.olean"],
  "m": false,
  "i": "7755c9292a0fa173.ilean",
  "c": "57bfef8258945f89.c"},
 "log":
 [{"message":
   ".> LEAN_PATH=/home/n/Documents/github/verified_mul_dcv/.lake/packages/Cli/.lake/build/lib/lean:/home/n/Documents/github/verified_mul_dcv/.lake/packages/batteries/.lake/build/lib/lean:/home/n/Documents/github/verified_mul_dcv/.lake/packages/Qq/.lake/build/lib/lean:/home/n/Documents/github/verified_mul_dcv/.lake/packages/aesop/.lake/build/lib/lean:/home/n/Documents/github/verified_mul_dcv/.lake/packages/proofwidgets/.lake/build/lib/lean:/home/n/Documents/github/verified_mul_dcv/.lake/packages/importGraph/.lake/build/lib/lean:/home/n/Documents/github/verified_mul_dcv/.lake/packages/LeanSearchClient/.lake/build/lib/lean:/home/n/Documents/github/verified_mul_dcv/.lake/packages/plausible/.lake/build/lib/lean:/home/n/Documents/github/verified_mul_dcv/.lake/packages/mathlib/.lake/build/lib/lean:/home/n/Documents/github/verified_mul_dcv/.lake/packages/cslib/.lake/build/lib/lean:/home/n/Documents/github/verified_mul_dcv/.lake/build/lib/lean /home/n/.elan/toolchains/leanprover--lean4---v4.30.0-rc2/bin/lean /home/n/Documents/github/verified_mul_dcv/fast_verified_mul/schonhage_strassen_1.lean -o /home/n/Documents/github/verified_mul_dcv/.lake/build/lib/lean/fast_verified_mul/schonhage_strassen_1.olean -i /home/n/Documents/github/verified_mul_dcv/.lake/build/lib/lean/fast_verified_mul/schonhage_strassen_1.ilean -c /home/n/Documents/github/verified_mul_dcv/.lake/build/ir/fast_verified_mul/schonhage_strassen_1.c --setup /home/n/Documents/github/verified_mul_dcv/.lake/build/ir/fast_verified_mul/schonhage_strassen_1.setup.json --json",
   "level": "trace"},
  {"message":
   "fast_verified_mul/schonhage_strassen_1.lean:7:0: Unscoped option maxHeartbeats is not allowed:\nPlease scope this to individual declarations, as in\n```\nset_option maxHeartbeats in\n-- comment explaining why this is necessary\nexample : ... := ...\n```\n\nNote: This linter can be disabled with `set_option linter.style.setOption false`",
   "level": "warning"},
  {"message":
   "fast_verified_mul/schonhage_strassen_1.lean:101:16: unused variable `hj`\n\nNote: This linter can be disabled with `set_option linter.unusedVariables false`",
   "level": "warning"},
  {"message":
   "fast_verified_mul/schonhage_strassen_1.lean:101:48: unused variable `hj`\n\nNote: This linter can be disabled with `set_option linter.unusedVariables false`",
   "level": "warning"},
  {"message":
   "fast_verified_mul/schonhage_strassen_1.lean:122:2: The following tactic starts with 2 goals and ends with 2 goals, 1 of which is not operated on.\n  show\n    List.foldl g0 (Vector.replicate N init) (List.range' 0 n) =\n      Vector.ofFn\n        (fun i : Fin N =>\n          if h : i.val < n then lo i.val h else if h2 : i.val - n < n ∧ n ≤ i.val then hi (i.val - n) h2.1 else init)\nPlease focus on the current goal, for instance using `·` (typed as \"\\.\").\n\nNote: This linter can be disabled with `set_option linter.style.multiGoal false`",
   "level": "warning"},
  {"message":
   "fast_verified_mul/schonhage_strassen_1.lean:122:2: The `show` tactic should only be used to indicate intermediate goal states for readability.\nHowever, this tactic invocation changed the goal. Please use `change` instead for these purposes.\n\nNote: This linter can be disabled with `set_option linter.style.show false`",
   "level": "warning"},
  {"message":
   "fast_verified_mul/schonhage_strassen_1.lean:174:2: The following tactic starts with 5 goals and ends with 4 goals, 4 of which are not operated on.\n  exact fun j hj =>\n    (FFT mul_fn (Vector.ofFn fun j : Fin (2 ^ k') => x[2 * j.val]) inv).get ⟨j, hj⟩ |> fun p =>\n      p.cadd\n        (cmul_via mul_fn (t_table (2 ^ k') inv P |> Vector.get <| ⟨j, hj⟩)\n          (FFT mul_fn (Vector.ofFn fun j : Fin (2 ^ k') => x[2 * j.val + 1]) inv |> Vector.get <| ⟨j, hj⟩))\nPlease focus on the current goal, for instance using `·` (typed as \"\\.\").\n\nNote: This linter can be disabled with `set_option linter.style.multiGoal false`",
   "level": "warning"},
  {"message":
   "fast_verified_mul/schonhage_strassen_1.lean:175:2: The following tactic starts with 4 goals and ends with 3 goals, 3 of which are not operated on.\n  exact fun j hj =>\n    (FFT mul_fn (Vector.ofFn fun j : Fin (2 ^ k') => x[2 * j.val]) inv).get ⟨j, hj⟩ |> fun p =>\n      p.csub\n        (cmul_via mul_fn (t_table (2 ^ k') inv P |> Vector.get <| ⟨j, hj⟩)\n          (FFT mul_fn (Vector.ofFn fun j : Fin (2 ^ k') => x[2 * j.val + 1]) inv |> Vector.get <| ⟨j, hj⟩))\nPlease focus on the current goal, for instance using `·` (typed as \"\\.\").\n\nNote: This linter can be disabled with `set_option linter.style.multiGoal false`",
   "level": "warning"},
  {"message":
   "fast_verified_mul/schonhage_strassen_1.lean:176:2: The following tactic starts with 3 goals and ends with 2 goals, 2 of which are not operated on.\n  exact ⟨0, 0⟩\nPlease focus on the current goal, for instance using `·` (typed as \"\\.\").\n\nNote: This linter can be disabled with `set_option linter.style.multiGoal false`",
   "level": "warning"},
  {"message":
   "fast_verified_mul/schonhage_strassen_1.lean:163:100: This line exceeds the 100 character limit, please shorten it!\n\nNote: This linter can be disabled with `set_option linter.style.longLine false`",
   "level": "warning"},
  {"message":
   "fast_verified_mul/schonhage_strassen_1.lean:165:100: This line exceeds the 100 character limit, please shorten it!\n\nNote: This linter can be disabled with `set_option linter.style.longLine false`",
   "level": "warning"},
  {"message":
   "fast_verified_mul/schonhage_strassen_1.lean:167:100: This line exceeds the 100 character limit, please shorten it!\n\nNote: This linter can be disabled with `set_option linter.style.longLine false`",
   "level": "warning"},
  {"message":
   "fast_verified_mul/schonhage_strassen_1.lean:169:100: This line exceeds the 100 character limit, please shorten it!\n\nNote: This linter can be disabled with `set_option linter.style.longLine false`",
   "level": "warning"},
  {"message":
   "fast_verified_mul/schonhage_strassen_1.lean:171:100: This line exceeds the 100 character limit, please shorten it!\n\nNote: This linter can be disabled with `set_option linter.style.longLine false`",
   "level": "warning"},
  {"message":
   "fast_verified_mul/schonhage_strassen_1.lean:174:100: This line exceeds the 100 character limit, please shorten it!\n\nNote: This linter can be disabled with `set_option linter.style.longLine false`",
   "level": "warning"},
  {"message":
   "fast_verified_mul/schonhage_strassen_1.lean:175:100: This line exceeds the 100 character limit, please shorten it!\n\nNote: This linter can be disabled with `set_option linter.style.longLine false`",
   "level": "warning"},
  {"message":
   "fast_verified_mul/schonhage_strassen_1.lean:182:2: The `induction'` tactic is discouraged: please strongly consider using `induction` instead.\n\nNote: This linter can be disabled with `set_option linter.style.induction false`",
   "level": "warning"},
  {"message":
   "fast_verified_mul/schonhage_strassen_1.lean:219:4: The `show` tactic should only be used to indicate intermediate goal states for readability.\nHowever, this tactic invocation changed the goal. Please use `change` instead for these purposes.\n\nNote: This linter can be disabled with `set_option linter.style.show false`",
   "level": "warning"},
  {"message":
   "fast_verified_mul/schonhage_strassen_1.lean:228:4: The `show` tactic should only be used to indicate intermediate goal states for readability.\nHowever, this tactic invocation changed the goal. Please use `change` instead for these purposes.\n\nNote: This linter can be disabled with `set_option linter.style.show false`",
   "level": "warning"},
  {"message":
   "fast_verified_mul/schonhage_strassen_1.lean:245:28: Using `native_decide` is not allowed in mathlib: because it trusts the entire Lean compiler (not just the Lean kernel), it could quite possibly be used to prove false.\n\nNote: This linter can be disabled with `set_option linter.style.nativeDecide false`",
   "level": "warning"},
  {"message":
   "fast_verified_mul/schonhage_strassen_1.lean:248:32: Using `native_decide` is not allowed in mathlib: because it trusts the entire Lean compiler (not just the Lean kernel), it could quite possibly be used to prove false.\n\nNote: This linter can be disabled with `set_option linter.style.nativeDecide false`",
   "level": "warning"},
  {"message":
   "fast_verified_mul/schonhage_strassen_1.lean:253:38: Using `native_decide` is not allowed in mathlib: because it trusts the entire Lean compiler (not just the Lean kernel), it could quite possibly be used to prove false.\n\nNote: This linter can be disabled with `set_option linter.style.nativeDecide false`",
   "level": "warning"},
  {"message":
   "fast_verified_mul/schonhage_strassen_1.lean:248:100: This line exceeds the 100 character limit, please shorten it!\n\nNote: This linter can be disabled with `set_option linter.style.longLine false`",
   "level": "warning"},
  {"message":
   "fast_verified_mul/schonhage_strassen_1.lean:253:100: This line exceeds the 100 character limit, please shorten it!\n\nNote: This linter can be disabled with `set_option linter.style.longLine false`",
   "level": "warning"},
  {"message":
   "fast_verified_mul/schonhage_strassen_1.lean:278:51: unused variable `hl`\n\nNote: This linter can be disabled with `set_option linter.unusedVariables false`",
   "level": "warning"},
  {"message":
   "fast_verified_mul/schonhage_strassen_1.lean:281:22: This simp argument is unused:\n  Nat.shiftRight_add\n\nHint: Omit it from the simp argument list.\n  simp_all +decide [̵N̵a̵t̵.̵s̵h̵i̵f̵t̵R̵i̵g̵h̵t̵_̵a̵d̵d̵,̵ ̵N̵a̵t̵.̵s̵h̵i̵f̵t̵L̵e̵f̵t̵_̵e̵q̵,̵[̲N̲a̲t̲.̲s̲h̲i̲f̲t̲L̲e̲f̲t̲_̲e̲q̲,̲ Nat.shiftRight_eq_div_pow, Nat.shiftLeft_eq_mul_pow]\n\nNote: This linter can be disabled with `set_option linter.unusedSimpArgs false`",
   "level": "warning"},
  {"message":
   "fast_verified_mul/schonhage_strassen_1.lean:281:42: This simp argument is unused:\n  Nat.shiftLeft_eq\n\nHint: Omit it from the simp argument list.\n  simp_all +decide [Nat.shiftRight_add, Nat.shiftL̵e̵f̵t̵_̵e̵q̵,̵\n  ̵ ̵ ̵ ̵ ̵ ̵ ̵N̵a̵t̵.̵s̵h̵i̵f̵t̵Right_eq_div_pow, Nat.shiftLeft_eq_mul_pow]\n\nNote: This linter can be disabled with `set_option linter.unusedSimpArgs false`",
   "level": "warning"},
  {"message":
   "fast_verified_mul/schonhage_strassen_1.lean:282:6: This simp argument is unused:\n  Nat.shiftRight_eq_div_pow\n\nHint: Omit it from the simp argument list.\n  simp_all +decide [Nat.shiftRight_add, Nat.shiftLeft_eq, N̵a̵t̵.̵s̵h̵i̵f̵t̵R̵i̵g̵h̵t̵_̵e̵q̵_̵d̵i̵v̵_̵p̵o̵w̵,̵ ̵Nat.shiftLeft_eq_mul_pow]\n\nNote: This linter can be disabled with `set_option linter.unusedSimpArgs false`",
   "level": "warning"},
  {"message":
   "fast_verified_mul/schonhage_strassen_1.lean:282:33: This simp argument is unused:\n  Nat.shiftLeft_eq_mul_pow\n\nHint: Omit it from the simp argument list.\n  simp_all +decide [Nat.shiftRight_add, Nat.shiftLeft_eq, N̵a̵t̵.̵s̵h̵i̵f̵t̵R̵i̵g̵h̵t̵_̵e̵q̵_̵d̵i̵v̵_̵p̵o̵w̵,̵ ̵N̵a̵t̵.̵s̵h̵i̵f̵t̵L̵e̵f̵t̵_̵e̵q̵_̵m̵u̵l̵_̵p̵o̵w̵]̵N̲a̲t̲.̲s̲h̲i̲f̲t̲R̲i̲g̲h̲t̲_̲e̲q̲_̲d̲i̲v̲_̲p̲o̲w̲]̲\n\nNote: This linter can be disabled with `set_option linter.unusedSimpArgs false`",
   "level": "warning"},
  {"message":
   "fast_verified_mul/schonhage_strassen_1.lean:288:20: This simp argument is unused:\n  Fin.sum_univ_succ\n\nHint: Omit it from the simp argument list.\n  simp +decide [F̵i̵n̵.̵s̵u̵m̵_̵u̵n̵i̵v̵_̵s̵u̵c̵c̵,̵ ̵Nat.shiftRight_eq_div_pow, Nat.shiftLeft_eq]\n\nNote: This linter can be disabled with `set_option linter.unusedSimpArgs false`",
   "level": "warning"},
  {"message":
   "fast_verified_mul/schonhage_strassen_1.lean:291:26: This simp argument is unused:\n  Nat.succ_eq_add_one\n\nHint: Omit it from the simp argument list.\n  simp_all +decide [N̵a̵t̵.̵s̵u̵c̵c̵_̵e̵q̵_̵a̵d̵d̵_̵o̵n̵e̵,̵ ̵pow_add, pow_mul, Nat.div_div_eq_div_mul]\n\nNote: This linter can be disabled with `set_option linter.unusedSimpArgs false`",
   "level": "warning"},
  {"message":
   "fast_verified_mul/schonhage_strassen_1.lean:291:65: This simp argument is unused:\n  Nat.div_div_eq_div_mul\n\nHint: Omit it from the simp argument list.\n  simp_all +decide [Nat.succ_eq_add_one, pow_add, pow_mul,̵ ̵N̵a̵t̵.̵d̵i̵v̵_̵d̵i̵v̵_̵e̵q̵_̵d̵i̵v̵_̵m̵u̵l̵]\n\nNote: This linter can be disabled with `set_option linter.unusedSimpArgs false`",
   "level": "warning"},
  {"message":
   "fast_verified_mul/schonhage_strassen_1.lean:280:2: The `induction'` tactic is discouraged: please strongly consider using `induction` instead.\n\nNote: This linter can be disabled with `set_option linter.style.induction false`",
   "level": "warning"},
  {"message":
   "fast_verified_mul/schonhage_strassen_1.lean:281:4: 'simp_all +decide [Nat.shiftRight_add, Nat.shiftLeft_eq,\n      Nat.shiftRight_eq_div_pow, Nat.shiftLeft_eq_mul_pow]' is a flexible tactic modifying '⊢'. Try 'simp_all?' and use the suggested 'simp_all only [...]'. Alternatively, use `suffices` to explicitly state the simplified form.\n\nNote: This linter can be disabled with `set_option linter.flexible false`",
   "level": "warning"},
  {"message":
   "fast_verified_mul/schonhage_strassen_1.lean:281:4: Try this:\n  [apply] simp_all +decide only [Fin.val_eq_zero]",
   "level": "info"},
  {"message":
   "fast_verified_mul/schonhage_strassen_1.lean:283:4: 'unfold recompose decompose_digit' uses '⊢'!",
   "level": "info"},
  {"message":
   "fast_verified_mul/schonhage_strassen_1.lean:281:4: 'simp_all +decide [Nat.shiftRight_add, Nat.shiftLeft_eq,\n      Nat.shiftRight_eq_div_pow, Nat.shiftLeft_eq_mul_pow]' is a flexible tactic modifying '⊢'. Try 'simp_all?' and use the suggested 'simp_all only [...]'. Alternatively, use `suffices` to explicitly state the simplified form.\n\nNote: This linter can be disabled with `set_option linter.flexible false`",
   "level": "warning"},
  {"message":
   "fast_verified_mul/schonhage_strassen_1.lean:281:4: Try this:\n  [apply] simp_all +decide only [Nat.succ_eq_add_one]",
   "level": "info"},
  {"message":
   "fast_verified_mul/schonhage_strassen_1.lean:284:4: 'unfold recompose decompose_digit' uses '⊢'!",
   "level": "info"},
  {"message":
   "fast_verified_mul/schonhage_strassen_1.lean:281:4: 'simp_all +decide [Nat.shiftRight_add, Nat.shiftLeft_eq,\n      Nat.shiftRight_eq_div_pow, Nat.shiftLeft_eq_mul_pow]' is a flexible tactic modifying '⊢'. Try 'simp_all?' and use the suggested 'simp_all only [...]'. Alternatively, use `suffices` to explicitly state the simplified form.\n\nNote: This linter can be disabled with `set_option linter.flexible false`",
   "level": "warning"},
  {"message":
   "fast_verified_mul/schonhage_strassen_1.lean:281:4: Try this:\n  [apply] simp_all +decide only [Nat.succ_eq_add_one]",
   "level": "info"},
  {"message":
   "fast_verified_mul/schonhage_strassen_1.lean:286:4: 'convert congr_arg (fun y : ℤ => (x % 2 ^ l + 2 ^ l * y)) (ih (x / 2 ^ l)) using 1' uses '⊢'!",
   "level": "info"},
  {"message":
   "fast_verified_mul/schonhage_strassen_1.lean:281:4: 'simp_all +decide [Nat.shiftRight_add, Nat.shiftLeft_eq,\n      Nat.shiftRight_eq_div_pow, Nat.shiftLeft_eq_mul_pow]' is a flexible tactic modifying '⊢'. Try 'simp_all?' and use the suggested 'simp_all only [...]'. Alternatively, use `suffices` to explicitly state the simplified form.\n\nNote: This linter can be disabled with `set_option linter.flexible false`",
   "level": "warning"},
  {"message":
   "fast_verified_mul/schonhage_strassen_1.lean:281:4: Try this:\n  [apply] simp_all +decide only [Nat.succ_eq_add_one]",
   "level": "info"},
  {"message":
   "fast_verified_mul/schonhage_strassen_1.lean:287:6: 'unfold recompose decompose_digit' uses '⊢'!",
   "level": "info"},
  {"message":
   "fast_verified_mul/schonhage_strassen_1.lean:281:4: 'simp_all +decide [Nat.shiftRight_add, Nat.shiftLeft_eq,\n      Nat.shiftRight_eq_div_pow, Nat.shiftLeft_eq_mul_pow]' is a flexible tactic modifying '⊢'. Try 'simp_all?' and use the suggested 'simp_all only [...]'. Alternatively, use `suffices` to explicitly state the simplified form.\n\nNote: This linter can be disabled with `set_option linter.flexible false`",
   "level": "warning"},
  {"message":
   "fast_verified_mul/schonhage_strassen_1.lean:281:4: Try this:\n  [apply] simp_all +decide only [Nat.succ_eq_add_one]",
   "level": "info"},
  {"message":
   "fast_verified_mul/schonhage_strassen_1.lean:289:6: 'rw [Finset.mul_sum _ _ _]' uses '⊢'!",
   "level": "info"},
  {"message":
   "fast_verified_mul/schonhage_strassen_1.lean:281:4: 'simp_all +decide [Nat.shiftRight_add, Nat.shiftLeft_eq,\n      Nat.shiftRight_eq_div_pow, Nat.shiftLeft_eq_mul_pow]' is a flexible tactic modifying '⊢'. Try 'simp_all?' and use the suggested 'simp_all only [...]'. Alternatively, use `suffices` to explicitly state the simplified form.\n\nNote: This linter can be disabled with `set_option linter.flexible false`",
   "level": "warning"},
  {"message":
   "fast_verified_mul/schonhage_strassen_1.lean:281:4: Try this:\n  [apply] simp_all +decide only [Nat.succ_eq_add_one]",
   "level": "info"},
  {"message":
   "fast_verified_mul/schonhage_strassen_1.lean:290:6: 'rcases K with (_ | K)' uses '⊢'!",
   "level": "info"},
  {"message":
   "fast_verified_mul/schonhage_strassen_1.lean:281:4: 'simp_all +decide [Nat.shiftRight_add, Nat.shiftLeft_eq,\n      Nat.shiftRight_eq_div_pow, Nat.shiftLeft_eq_mul_pow]' is a flexible tactic modifying '⊢'. Try 'simp_all?' and use the suggested 'simp_all only [...]'. Alternatively, use `suffices` to explicitly state the simplified form.\n\nNote: This linter can be disabled with `set_option linter.flexible false`",
   "level": "warning"},
  {"message":
   "fast_verified_mul/schonhage_strassen_1.lean:281:4: Try this:\n  [apply] simp_all +decide only [Nat.succ_eq_add_one]",
   "level": "info"},
  {"message":
   "fast_verified_mul/schonhage_strassen_1.lean:294:6: 'exact_mod_cast Eq.symm (Nat.mod_add_div _ _)' uses '⊢'!",
   "level": "info"},
  {"message":
   "fast_verified_mul/schonhage_strassen_1.lean:300:2: 'simp +decide [recompose, Finset.mul_sum _ _ _, mul_assoc, mul_comm, mul_left_comm,\n    pow_add, pow_mul]' is a flexible tactic modifying '⊢'. Try 'simp?' and use the suggested 'simp only [...]'. Alternatively, use `suffices` to explicitly state the simplified form.\n\nNote: This linter can be disabled with `set_option linter.flexible false`",
   "level": "warning"},
  {"message":
   "fast_verified_mul/schonhage_strassen_1.lean:302:2: 'exact Finset.sum_comm.trans (Finset.sum_congr rfl fun _ _ => Finset.sum_congr rfl fun _ _ => by ring)' uses '⊢'!",
   "level": "info"},
  {"message":
   "fast_verified_mul/schonhage_strassen_1.lean:325:4: 'simp_all +decide [Finset.sum_ite]' is a flexible tactic modifying '⊢'. Try 'simp_all?' and use the suggested 'simp_all only [...]'. Alternatively, use `suffices` to explicitly state the simplified form.\n\nNote: This linter can be disabled with `set_option linter.flexible false`",
   "level": "warning"},
  {"message":
   "fast_verified_mul/schonhage_strassen_1.lean:325:4: Try this:\n  [apply] simp_all +decide only [ite_mul, zero_mul]",
   "level": "info"},
  {"message":
   "fast_verified_mul/schonhage_strassen_1.lean:326:2: 'rw [Finset.sum_eq_single ⟨j + k, by linarith [Nat.div_mul_le_self K 2]⟩]' uses '⊢'!",
   "level": "info"},
  {"message":
   "fast_verified_mul/schonhage_strassen_1.lean:389:26: unused variable `hK`\n\nNote: This linter can be disabled with `set_option linter.unusedVariables false`",
   "level": "warning"},
  {"message":
   "fast_verified_mul/schonhage_strassen_1.lean:406:42: Try this:\n  [apply] ring_nf\n  \n  The `ring` tactic failed to close the goal. Use `ring_nf` to obtain a normal form.\n    \n  Note that `ring` works primarily in *commutative* rings. If you have a noncommutative ring, abelian group or module, consider using `noncomm_ring`, `abel` or `module` instead.",
   "level": "info"},
  {"message":
   "fast_verified_mul/schonhage_strassen_1.lean:403:54: This simp argument is unused:\n  Real.pi_ne_zero\n\nHint: Omit it from the simp argument list.\n  simp_all +decide [̵ ̵C̵o̵m̵p̵l̵e̵x̵.̵e̵x̵t̵_̵i̵f̵f̵,̵[̲C̲o̲m̲p̲l̲e̲x̲.̲e̲x̲t̲_̲i̲f̲f̲,̲ div_eq_iff, R̵e̵a̵l̵.̵p̵i̵_̵n̵e̵_̵z̵e̵r̵o̵,̵ ̵show K ≠ 0 by l̵i̵n̵a̵r̵i̵t̵h̵ ̵]̵l̲i̲n̲a̲r̲i̲t̲h̲]̲\n\nNote: This linter can be disabled with `set_option linter.unusedSimpArgs false`",
   "level": "warning"},
  {"message":
   "fast_verified_mul/schonhage_strassen_1.lean:403:6: 'simp_all +decide [ Complex.ext_iff, div_eq_iff, Real.pi_ne_zero, show K ≠ 0 by linarith ]' is a flexible tactic modifying '⊢'. Try 'simp_all?' and use the suggested 'simp_all only [...]'. Alternatively, use `suffices` to explicitly state the simplified form.\n\nNote: This linter can be disabled with `set_option linter.flexible false`",
   "level": "warning"},
  {"message":
   "fast_verified_mul/schonhage_strassen_1.lean:403:6: Try this:\n  [apply] simp_all +decide only [not_exists]",
   "level": "info"},
  {"message":
   "fast_verified_mul/schonhage_strassen_1.lean:404:6: 'exact fun x hx =>\n  hm <| Int.natCast_dvd_natCast.mp ⟨x, by rw [← @Int.cast_inj ℝ]; push_cast; nlinarith [Real.pi_pos]⟩' uses '⊢'!",
   "level": "info"},
  {"message":
   "fast_verified_mul/schonhage_strassen_1.lean:398:100: This line exceeds the 100 character limit, please shorten it!\n\nNote: This linter can be disabled with `set_option linter.style.longLine false`",
   "level": "warning"},
  {"message":
   "fast_verified_mul/schonhage_strassen_1.lean:404:100: This line exceeds the 100 character limit, please shorten it!\n\nNote: This linter can be disabled with `set_option linter.style.longLine false`",
   "level": "warning"},
  {"message":
   "fast_verified_mul/schonhage_strassen_1.lean:415:23: This simp argument is unused:\n  ← mul_pow\n\nHint: Omit it from the simp argument list.\n  simp_all +decide ̵[̵ ̵←̵ ̵m̵u̵l̵_̵p̵o̵w̵ ̵]̵\n\nNote: Simp arguments with `←` have the additional effect of removing the other direction from the simp set, even if the simp argument itself is unused. If the hint above does not work, try replacing `←` with `-` to only get that effect and silence this warning.\n\nNote: This linter can be disabled with `set_option linter.unusedSimpArgs false`",
   "level": "warning"},
  {"message":
   "fast_verified_mul/schonhage_strassen_1.lean:426:74: This simp argument is unused:\n  Int.emod_eq_of_lt\n\nHint: Omit it from the simp argument list.\n  simp_all +decide [̵ ̵F̵i̵n̵.̵e̵x̵t̵_̵i̵f̵f̵,̵ ̵I̵n̵t̵.̵e̵m̵o̵d̵_̵e̵q̵_̵o̵f̵_̵l̵t̵ ̵]̵[̲F̲i̲n̲.̲e̲x̲t̲_̲i̲f̲f̲]̲\n\nNote: This linter can be disabled with `set_option linter.unusedSimpArgs false`",
   "level": "warning"},
  {"message":
   "fast_verified_mul/schonhage_strassen_1.lean:415:4: 'simp_all +decide [ ← mul_pow ]' is a flexible tactic modifying '⊢'. Try 'simp_all?' and use the suggested 'simp_all only [...]'. Alternatively, use `suffices` to explicitly state the simplified form.\n\nNote: This linter can be disabled with `set_option linter.flexible false`",
   "level": "warning"},
  {"message":
   "fast_verified_mul/schonhage_strassen_1.lean:415:4: Try this:\n  [apply] simp_all +decide only [inv_pow]",
   "level": "info"},
  {"message":
   "fast_verified_mul/schonhage_strassen_1.lean:416:4: 'exact\n  Eq.trans (Finset.sum_congr rfl fun _ _ => mul_inv_cancel₀ <| pow_ne_zero _ <| Complex.exp_ne_zero _)\n    (by norm_num)' uses '⊢'!",
   "level": "info"},
  {"message":
   "fast_verified_mul/schonhage_strassen_1.lean:426:42: 'simp_all +decide [ Fin.ext_iff, Int.emod_eq_of_lt ]' is a flexible tactic modifying '⊢'. Try 'simp_all?' and use the suggested 'simp_all only [...]'. Alternatively, use `suffices` to explicitly state the simplified form.\n\nNote: This linter can be disabled with `set_option linter.flexible false`",
   "level": "warning"},
  {"message":
   "fast_verified_mul/schonhage_strassen_1.lean:426:42: Try this:\n  [apply] simp_all +decide only [dvd_refl, Int.emod_emod_of_dvd, EuclideanDomain.mod_eq_zero]",
   "level": "info"},
  {"message":
   "fast_verified_mul/schonhage_strassen_1.lean:427:8: 'exact fun ⟨a, ha⟩ => h <| by nlinarith [show a = 0 by nlinarith [Fin.is_lt m, Fin.is_lt n]];' uses '⊢'!",
   "level": "info"},
  {"message":
   "fast_verified_mul/schonhage_strassen_1.lean:416:100: This line exceeds the 100 character limit, please shorten it!\n\nNote: This linter can be disabled with `set_option linter.style.longLine false`",
   "level": "warning"},
  {"message":
   "fast_verified_mul/schonhage_strassen_1.lean:417:100: This line exceeds the 100 character limit, please shorten it!\n\nNote: This linter can be disabled with `set_option linter.style.longLine false`",
   "level": "warning"},
  {"message":
   "fast_verified_mul/schonhage_strassen_1.lean:419:100: This line exceeds the 100 character limit, please shorten it!\n\nNote: This linter can be disabled with `set_option linter.style.longLine false`",
   "level": "warning"},
  {"message":
   "fast_verified_mul/schonhage_strassen_1.lean:420:100: This line exceeds the 100 character limit, please shorten it!\n\nNote: This linter can be disabled with `set_option linter.style.longLine false`",
   "level": "warning"},
  {"message":
   "fast_verified_mul/schonhage_strassen_1.lean:427:100: This line exceeds the 100 character limit, please shorten it!\n\nNote: This linter can be disabled with `set_option linter.style.longLine false`",
   "level": "warning"},
  {"message":
   "fast_verified_mul/schonhage_strassen_1.lean:442:21: This simp argument is unused:\n  Finset.sum_ite\n\nHint: Omit it from the simp argument list.\n  simp_all +decide [̵ ̵F̵i̵n̵s̵e̵t̵.̵s̵u̵m̵_̵i̵t̵e̵,̵ ̵i̵d̵f̵t̵,̵ ̵d̵f̵t̵ ̵]̵[̲i̲d̲f̲t̲,̲ ̲d̲f̲t̲]̲\n\nNote: This linter can be disabled with `set_option linter.unusedSimpArgs false`",
   "level": "warning"},
  {"message":
   "fast_verified_mul/schonhage_strassen_1.lean:442:2: 'simp_all +decide [ Finset.sum_ite, idft, dft ]' is a flexible tactic modifying '⊢'. Try 'simp_all?' and use the suggested 'simp_all only [...]'. Alternatively, use `suffices` to explicitly state the simplified form.\n\nNote: This linter can be disabled with `set_option linter.flexible false`",
   "level": "warning"},
  {"message":
   "fast_verified_mul/schonhage_strassen_1.lean:443:2: 'rw [inv_mul_eq_div, mul_div_cancel_right₀ _ (Nat.cast_ne_zero.mpr <| ne_bot_of_gt hK)]' uses '⊢'!",
   "level": "info"},
  {"message":
   "fast_verified_mul/schonhage_strassen_1.lean:436:100: This line exceeds the 100 character limit, please shorten it!\n\nNote: This linter can be disabled with `set_option linter.style.longLine false`",
   "level": "warning"},
  {"message":
   "fast_verified_mul/schonhage_strassen_1.lean:438:100: This line exceeds the 100 character limit, please shorten it!\n\nNote: This linter can be disabled with `set_option linter.style.longLine false`",
   "level": "warning"},
  {"message":
   "fast_verified_mul/schonhage_strassen_1.lean:439:100: This line exceeds the 100 character limit, please shorten it!\n\nNote: This linter can be disabled with `set_option linter.style.longLine false`",
   "level": "warning"},
  {"message":
   "fast_verified_mul/schonhage_strassen_1.lean:460:126: Try this:\n  [apply] ring_nf\n  \n  The `ring` tactic failed to close the goal. Use `ring_nf` to obtain a normal form.\n    \n  Note that `ring` works primarily in *commutative* rings. If you have a noncommutative ring, abelian group or module, consider using `noncomm_ring`, `abel` or `module` instead.",
   "level": "info"},
  {"message":
   "fast_verified_mul/schonhage_strassen_1.lean:461:63: Try this:\n  [apply] ring_nf\n  \n  The `ring` tactic failed to close the goal. Use `ring_nf` to obtain a normal form.\n    \n  Note that `ring` works primarily in *commutative* rings. If you have a noncommutative ring, abelian group or module, consider using `noncomm_ring`, `abel` or `module` instead.",
   "level": "info"},
  {"message":
   "fast_verified_mul/schonhage_strassen_1.lean:468:14: Try this:\n  [apply] ring_nf\n  \n  The `ring` tactic failed to close the goal. Use `ring_nf` to obtain a normal form.\n    \n  Note that `ring` works primarily in *commutative* rings. If you have a noncommutative ring, abelian group or module, consider using `noncomm_ring`, `abel` or `module` instead.",
   "level": "info"},
  {"message":
   "fast_verified_mul/schonhage_strassen_1.lean:464:4: The `refine'` tactic is discouraged: please strongly consider using `refine` or `apply` instead.\n\nNote: This linter can be disabled with `set_option linter.style.refine false`",
   "level": "warning"},
  {"message":
   "fast_verified_mul/schonhage_strassen_1.lean:465:84: 'simp +decide [ h_omega_mod j k ]' is a flexible tactic modifying '⊢'. Try 'simp?' and use the suggested 'simp only [...]'. Alternatively, use `suffices` to explicitly state the simplified form.\n\nNote: This linter can be disabled with `set_option linter.flexible false`",
   "level": "warning"},
  {"message":
   "fast_verified_mul/schonhage_strassen_1.lean:465:84: Try this:\n  [apply] simp +decide only [mem_univ, ne_eq, ite_eq_right_iff, pow_eq_zero_iff', mul_eq_zero, not_or, forall_const]",
   "level": "info"},
  {"message":
   "fast_verified_mul/schonhage_strassen_1.lean:466:4: 'exact fun x hx₁ hx₂ => False.elim <| hx₁ <| Fin.ext hx₂.symm' uses '⊢'!",
   "level": "info"},
  {"message":
   "fast_verified_mul/schonhage_strassen_1.lean:453:100: This line exceeds the 100 character limit, please shorten it!\n\nNote: This linter can be disabled with `set_option linter.style.longLine false`",
   "level": "warning"},
  {"message":
   "fast_verified_mul/schonhage_strassen_1.lean:454:100: This line exceeds the 100 character limit, please shorten it!\n\nNote: This linter can be disabled with `set_option linter.style.longLine false`",
   "level": "warning"},
  {"message":
   "fast_verified_mul/schonhage_strassen_1.lean:456:100: This line exceeds the 100 character limit, please shorten it!\n\nNote: This linter can be disabled with `set_option linter.style.longLine false`",
   "level": "warning"},
  {"message":
   "fast_verified_mul/schonhage_strassen_1.lean:458:100: This line exceeds the 100 character limit, please shorten it!\n\nNote: This linter can be disabled with `set_option linter.style.longLine false`",
   "level": "warning"},
  {"message":
   "fast_verified_mul/schonhage_strassen_1.lean:460:100: This line exceeds the 100 character limit, please shorten it!\n\nNote: This linter can be disabled with `set_option linter.style.longLine false`",
   "level": "warning"},
  {"message":
   "fast_verified_mul/schonhage_strassen_1.lean:462:100: This line exceeds the 100 character limit, please shorten it!\n\nNote: This linter can be disabled with `set_option linter.style.longLine false`",
   "level": "warning"},
  {"message":
   "fast_verified_mul/schonhage_strassen_1.lean:465:100: This line exceeds the 100 character limit, please shorten it!\n\nNote: This linter can be disabled with `set_option linter.style.longLine false`",
   "level": "warning"},
  {"message":
   "fast_verified_mul/schonhage_strassen_1.lean:501:2: 'simp [shr_round, show P ≠ 0 by omega]' is a flexible tactic modifying '⊢'. Try 'simp?' and use the suggested 'simp only [...]'. Alternatively, use `suffices` to explicitly state the simplified form.\n\nNote: This linter can be disabled with `set_option linter.flexible false`",
   "level": "warning"},
  {"message":
   "fast_verified_mul/schonhage_strassen_1.lean:502:2: 'rw [int_shr_eq_div]' uses '⊢'!",
   "level": "info"},
  {"message":
   "fast_verified_mul/schonhage_strassen_1.lean:531:100: This line exceeds the 100 character limit, please shorten it!\n\nNote: This linter can be disabled with `set_option linter.style.longLine false`",
   "level": "warning"},
  {"message":
   "fast_verified_mul/schonhage_strassen_1.lean:532:100: This line exceeds the 100 character limit, please shorten it!\n\nNote: This linter can be disabled with `set_option linter.style.longLine false`",
   "level": "warning"},
  {"message":
   "fast_verified_mul/schonhage_strassen_1.lean:538:100: This line exceeds the 100 character limit, please shorten it!\n\nNote: This linter can be disabled with `set_option linter.style.longLine false`",
   "level": "warning"},
  {"message":
   "fast_verified_mul/schonhage_strassen_1.lean:563:2: 'simp [cadd]' is a flexible tactic modifying '⊢'. Try 'simp?' and use the suggested 'simp only [...]'. Alternatively, use `suffices` to explicitly state the simplified form.\n\nNote: This linter can be disabled with `set_option linter.flexible false`",
   "level": "warning"},
  {"message":
   "fast_verified_mul/schonhage_strassen_1.lean:563:15: 'exact Int.natAbs_add_le _ _' uses '⊢'!",
   "level": "info"},
  {"message":
   "fast_verified_mul/schonhage_strassen_1.lean:567:2: 'simp [cadd]' is a flexible tactic modifying '⊢'. Try 'simp?' and use the suggested 'simp only [...]'. Alternatively, use `suffices` to explicitly state the simplified form.\n\nNote: This linter can be disabled with `set_option linter.flexible false`",
   "level": "warning"},
  {"message":
   "fast_verified_mul/schonhage_strassen_1.lean:567:15: 'exact Int.natAbs_add_le _ _' uses '⊢'!",
   "level": "info"},
  {"message":
   "fast_verified_mul/schonhage_strassen_1.lean:572:2: 'simp [csub]' is a flexible tactic modifying '⊢'. Try 'simp?' and use the suggested 'simp only [...]'. Alternatively, use `suffices` to explicitly state the simplified form.\n\nNote: This linter can be disabled with `set_option linter.flexible false`",
   "level": "warning"},
  {"message":
   "fast_verified_mul/schonhage_strassen_1.lean:572:15: 'exact Int.natAbs_sub_le _ _' uses '⊢'!",
   "level": "info"},
  {"message":
   "fast_verified_mul/schonhage_strassen_1.lean:576:2: 'simp [csub]' is a flexible tactic modifying '⊢'. Try 'simp?' and use the suggested 'simp only [...]'. Alternatively, use `suffices` to explicitly state the simplified form.\n\nNote: This linter can be disabled with `set_option linter.flexible false`",
   "level": "warning"},
  {"message":
   "fast_verified_mul/schonhage_strassen_1.lean:576:15: 'exact Int.natAbs_sub_le _ _' uses '⊢'!",
   "level": "info"},
  {"message":
   "fast_verified_mul/schonhage_strassen_1.lean:598:4: The `refine'` tactic is discouraged: please strongly consider using `refine` or `apply` instead.\n\nNote: This linter can be disabled with `set_option linter.style.refine false`",
   "level": "warning"},
  {"message":
   "fast_verified_mul/schonhage_strassen_1.lean:597:31: 'simp_all +decide [ decompose_digit ]' is a flexible tactic modifying '⊢'. Try 'simp_all?' and use the suggested 'simp_all only [...]'. Alternatively, use `suffices` to explicitly state the simplified form.\n\nNote: This linter can be disabled with `set_option linter.flexible false`",
   "level": "warning"},
  {"message":
   "fast_verified_mul/schonhage_strassen_1.lean:598:4: 'refine' lt_of_le_of_lt (Nat.cast_le.mpr <| Nat.and_le_right) _' uses '⊢'!",
   "level": "info"},
  {"message":
   "fast_verified_mul/schonhage_strassen_1.lean:597:31: 'simp_all +decide [ decompose_digit ]' is a flexible tactic modifying '⊢'. Try 'simp_all?' and use the suggested 'simp_all only [...]'. Alternatively, use `suffices` to explicitly state the simplified form.\n\nNote: This linter can be disabled with `set_option linter.flexible false`",
   "level": "warning"},
  {"message":
   "fast_verified_mul/schonhage_strassen_1.lean:599:4: 'rw [if_neg (by omega)]' uses '⊢'!",
   "level": "info"},
  {"message":
   "fast_verified_mul/schonhage_strassen_1.lean:597:31: 'simp_all +decide [ decompose_digit ]' is a flexible tactic modifying '⊢'. Try 'simp_all?' and use the suggested 'simp_all only [...]'. Alternatively, use `suffices` to explicitly state the simplified form.\n\nNote: This linter can be disabled with `set_option linter.flexible false`",
   "level": "warning"},
  {"message":
   "fast_verified_mul/schonhage_strassen_1.lean:599:90: '(exact\n    lt_of_le_of_lt (Nat.div_le_div_right hx.le)\n      (by rw [Nat.div_lt_iff_lt_mul <| by positivity]; rw [← pow_add];\n        exact pow_lt_pow_right₀ (by decide) <| by nlinarith [Nat.sub_add_cancel (by linarith : 1 ≤ K)]);\n  )' uses '⊢'!",
   "level": "info"},
  {"message":
   "fast_verified_mul/schonhage_strassen_1.lean:598:100: This line exceeds the 100 character limit, please shorten it!\n\nNote: This linter can be disabled with `set_option linter.style.longLine false`",
   "level": "warning"},
  {"message":
   "fast_verified_mul/schonhage_strassen_1.lean:600:100: This line exceeds the 100 character limit, please shorten it!\n\nNote: This linter can be disabled with `set_option linter.style.longLine false`",
   "level": "warning"},
  {"message":
   "fast_verified_mul/schonhage_strassen_1.lean:678:50: Try this:\n  [apply] ring_nf\n  \n  The `ring` tactic failed to close the goal. Use `ring_nf` to obtain a normal form.\n    \n  Note that `ring` works primarily in *commutative* rings. If you have a noncommutative ring, abelian group or module, consider using `noncomm_ring`, `abel` or `module` instead.",
   "level": "info"},
  {"message":
   "fast_verified_mul/schonhage_strassen_1.lean:676:29: unused variable `hK`\n\nNote: This linter can be disabled with `set_option linter.unusedVariables false`",
   "level": "warning"},
  {"message":
   "fast_verified_mul/schonhage_strassen_1.lean:688:100: This line exceeds the 100 character limit, please shorten it!\n\nNote: This linter can be disabled with `set_option linter.style.longLine false`",
   "level": "warning"},
  {"message":
   "fast_verified_mul/schonhage_strassen_1.lean:705:65: The following tactic starts with 2 goals and ends with 1 goal, 1 of which is not operated on.\n  norm_num [pow_mul', omega]\nPlease focus on the current goal, for instance using `·` (typed as \"\\.\").\n\nNote: This linter can be disabled with `set_option linter.style.multiGoal false`",
   "level": "warning"},
  {"message":
   "fast_verified_mul/schonhage_strassen_1.lean:719:67: This simp argument is unused:\n  Fin.ext_iff\n\nHint: Omit it from the simp argument list.\n  simp +decide ̵[̵ ̵F̵i̵n̵.̵e̵x̵t̵_̵i̵f̵f̵ ̵]̵\n\nNote: This linter can be disabled with `set_option linter.unusedSimpArgs false`",
   "level": "warning"},
  {"message":
   "fast_verified_mul/schonhage_strassen_1.lean:726:52: This simp argument is unused:\n  omega_sq_step K hK\n\nHint: Omit it from the simp argument list.\n  simp +decide [̵ ̵←̵[̲←̲ mul_assoc, ← pow_mul', mul_comm, o̵m̵e̵g̵a̵_̵s̵q̵_̵s̵t̵e̵p̵ ̵K̵ ̵h̵K̵,̵ ̵omega_inv_sq_step K h̵K̵ ̵]̵h̲K̲]̲\n\nNote: This linter can be disabled with `set_option linter.unusedSimpArgs false`",
   "level": "warning"},
  {"message":
   "fast_verified_mul/schonhage_strassen_1.lean:726:72: This simp argument is unused:\n  omega_inv_sq_step K hK\n\nHint: Omit it from the simp argument list.\n  simp +decide [̵ ̵←̵[̲←̲ mul_assoc, ← pow_mul', mul_comm, omega_sq_step K h̵K̵,̵ ̵o̵m̵e̵g̵a̵_̵i̵n̵v̵_̵s̵q̵_̵s̵t̵e̵p̵ ̵K̵ ̵h̵K̵ ̵]̵h̲K̲]̲\n\nNote: This linter can be disabled with `set_option linter.unusedSimpArgs false`",
   "level": "warning"},
  {"message":
   "fast_verified_mul/schonhage_strassen_1.lean:727:39: This simp argument is unused:\n  ← omega_inv_sq_step K hK\n\nHint: Omit it from the simp argument list.\n  simp +decide [̵ ̵←̵[̲←̲ omega_sq_step K hK, ←̵ ̵o̵m̵e̵g̵a̵_̵i̵n̵v̵_̵s̵q̵_̵s̵t̵e̵p̵ ̵K̵ ̵h̵K̵,̵ ̵mul_comm, mul_assoc, mul_left_comm, p̵o̵w̵_̵m̵u̵l̵'̵ ̵]̵p̲o̲w̲_̲m̲u̲l̲'̲]̲\n\nNote: Simp arguments with `←` have the additional effect of removing the other direction from the simp set, even if the simp argument itself is unused. If the hint above does not work, try replacing `←` with `-` to only get that effect and silence this warning.\n\nNote: This linter can be disabled with `set_option linter.unusedSimpArgs false`",
   "level": "warning"},
  {"message":
   "fast_verified_mul/schonhage_strassen_1.lean:727:86: This simp argument is unused:\n  mul_left_comm\n\nHint: Omit it from the simp argument list.\n  simp +decide [ ̵← omega_sq_step K hK, ← omega_inv_sq_step K hK, mul_comm, mul_assoc, m̵u̵l̵_̵l̵e̵f̵t̵_̵c̵o̵m̵m̵,̵ ̵pow_mul' ̵]\n\nNote: This linter can be disabled with `set_option linter.unusedSimpArgs false`",
   "level": "warning"},
  {"message":
   "fast_verified_mul/schonhage_strassen_1.lean:719:52: 'simp +decide [ Fin.ext_iff ]' is a flexible tactic modifying '⊢'. Try 'simp?' and use the suggested 'simp only [...]'. Alternatively, use `suffices` to explicitly state the simplified form.\n\nNote: This linter can be disabled with `set_option linter.flexible false`",
   "level": "warning"},
  {"message":
   "fast_verified_mul/schonhage_strassen_1.lean:719:52: Try this:\n  [apply] simp +decide only [coe_univ, Set.injOn_univ]",
   "level": "info"},
  {"message":
   "fast_verified_mul/schonhage_strassen_1.lean:719:92: 'exact fun i j h => by simpa [Fin.ext_iff] using h;' uses '⊢'!",
   "level": "info"},
  {"message":
   "fast_verified_mul/schonhage_strassen_1.lean:719:52: 'simp +decide [ Fin.ext_iff ]' is a flexible tactic modifying '⊢'. Try 'simp?' and use the suggested 'simp only [...]'. Alternatively, use `suffices` to explicitly state the simplified form.\n\nNote: This linter can be disabled with `set_option linter.flexible false`",
   "level": "warning"},
  {"message":
   "fast_verified_mul/schonhage_strassen_1.lean:719:52: Try this:\n  [apply] simp +decide only [coe_univ, Set.injOn_univ]",
   "level": "info"},
  {"message":
   "fast_verified_mul/schonhage_strassen_1.lean:719:92: 'exact fun i j h => by simpa [Fin.ext_iff] using h;' uses '⊢'!",
   "level": "info"},
  {"message":
   "fast_verified_mul/schonhage_strassen_1.lean:722:22: 'simp +decide [ Fin.ext_iff ]' is a flexible tactic modifying '⊢'. Try 'simp?' and use the suggested 'simp only [...]'. Alternatively, use `suffices` to explicitly state the simplified form.\n\nNote: This linter can be disabled with `set_option linter.flexible false`",
   "level": "warning"},
  {"message":
   "fast_verified_mul/schonhage_strassen_1.lean:722:22: Try this:\n  [apply] simp +decide only [mem_univ, mem_union, mem_image, Fin.mk.injEq, true_and, true_iff]",
   "level": "info"},
  {"message":
   "fast_verified_mul/schonhage_strassen_1.lean:722:53: '(rcases Nat.even_or_odd' i with ⟨k, rfl | rfl⟩ <;> [left; right] <;> exact ⟨⟨k, by linarith⟩, rfl⟩; )' uses '⊢'!",
   "level": "info"},
  {"message":
   "fast_verified_mul/schonhage_strassen_1.lean:717:100: This line exceeds the 100 character limit, please shorten it!\n\nNote: This linter can be disabled with `set_option linter.style.longLine false`",
   "level": "warning"},
  {"message":
   "fast_verified_mul/schonhage_strassen_1.lean:718:100: This line exceeds the 100 character limit, please shorten it!\n\nNote: This linter can be disabled with `set_option linter.style.longLine false`",
   "level": "warning"},
  {"message":
   "fast_verified_mul/schonhage_strassen_1.lean:719:100: This line exceeds the 100 character limit, please shorten it!\n\nNote: This linter can be disabled with `set_option linter.style.longLine false`",
   "level": "warning"},
  {"message":
   "fast_verified_mul/schonhage_strassen_1.lean:721:100: This line exceeds the 100 character limit, please shorten it!\n\nNote: This linter can be disabled with `set_option linter.style.longLine false`",
   "level": "warning"},
  {"message":
   "fast_verified_mul/schonhage_strassen_1.lean:723:100: This line exceeds the 100 character limit, please shorten it!\n\nNote: This linter can be disabled with `set_option linter.style.longLine false`",
   "level": "warning"},
  {"message":
   "fast_verified_mul/schonhage_strassen_1.lean:725:100: This line exceeds the 100 character limit, please shorten it!\n\nNote: This linter can be disabled with `set_option linter.style.longLine false`",
   "level": "warning"},
  {"message":
   "fast_verified_mul/schonhage_strassen_1.lean:727:100: This line exceeds the 100 character limit, please shorten it!\n\nNote: This linter can be disabled with `set_option linter.style.longLine false`",
   "level": "warning"},
  {"message":
   "fast_verified_mul/schonhage_strassen_1.lean:754:99: Try this:\n  [apply] ring_nf\n  \n  The `ring` tactic failed to close the goal. Use `ring_nf` to obtain a normal form.\n    \n  Note that `ring` works primarily in *commutative* rings. If you have a noncommutative ring, abelian group or module, consider using `noncomm_ring`, `abel` or `module` instead.",
   "level": "info"},
  {"message":
   "fast_verified_mul/schonhage_strassen_1.lean:759:120: Try this:\n  [apply] ring_nf\n  \n  The `ring` tactic failed to close the goal. Use `ring_nf` to obtain a normal form.\n    \n  Note that `ring` works primarily in *commutative* rings. If you have a noncommutative ring, abelian group or module, consider using `noncomm_ring`, `abel` or `module` instead.",
   "level": "info"},
  {"message":
   "fast_verified_mul/schonhage_strassen_1.lean:760:77: Try this:\n  [apply] ring_nf\n  \n  The `ring` tactic failed to close the goal. Use `ring_nf` to obtain a normal form.\n    \n  Note that `ring` works primarily in *commutative* rings. If you have a noncommutative ring, abelian group or module, consider using `noncomm_ring`, `abel` or `module` instead.",
   "level": "info"},
  {"message":
   "fast_verified_mul/schonhage_strassen_1.lean:765:120: Try this:\n  [apply] ring_nf\n  \n  The `ring` tactic failed to close the goal. Use `ring_nf` to obtain a normal form.\n    \n  Note that `ring` works primarily in *commutative* rings. If you have a noncommutative ring, abelian group or module, consider using `noncomm_ring`, `abel` or `module` instead.",
   "level": "info"},
  {"message":
   "fast_verified_mul/schonhage_strassen_1.lean:767:55: Try this:\n  [apply] ring_nf\n  \n  The `ring` tactic failed to close the goal. Use `ring_nf` to obtain a normal form.\n    \n  Note that `ring` works primarily in *commutative* rings. If you have a noncommutative ring, abelian group or module, consider using `noncomm_ring`, `abel` or `module` instead.",
   "level": "info"},
  {"message":
   "fast_verified_mul/schonhage_strassen_1.lean:768:21: Try this:\n  [apply] ring_nf\n  \n  The `ring` tactic failed to close the goal. Use `ring_nf` to obtain a normal form.\n    \n  Note that `ring` works primarily in *commutative* rings. If you have a noncommutative ring, abelian group or module, consider using `noncomm_ring`, `abel` or `module` instead.",
   "level": "info"},
  {"message":
   "fast_verified_mul/schonhage_strassen_1.lean:768:31: Try this:\n  [apply] ring_nf\n  \n  The `ring` tactic failed to close the goal. Use `ring_nf` to obtain a normal form.\n    \n  Note that `ring` works primarily in *commutative* rings. If you have a noncommutative ring, abelian group or module, consider using `noncomm_ring`, `abel` or `module` instead.",
   "level": "info"},
  {"message":
   "fast_verified_mul/schonhage_strassen_1.lean:769:75: Try this:\n  [apply] ring_nf\n  \n  The `ring` tactic failed to close the goal. Use `ring_nf` to obtain a normal form.\n    \n  Note that `ring` works primarily in *commutative* rings. If you have a noncommutative ring, abelian group or module, consider using `noncomm_ring`, `abel` or `module` instead.",
   "level": "info"},
  {"message":
   "fast_verified_mul/schonhage_strassen_1.lean:774:108: Try this:\n  [apply] ring_nf\n  \n  The `ring` tactic failed to close the goal. Use `ring_nf` to obtain a normal form.\n    \n  Note that `ring` works primarily in *commutative* rings. If you have a noncommutative ring, abelian group or module, consider using `noncomm_ring`, `abel` or `module` instead.",
   "level": "info"},
  {"message":
   "fast_verified_mul/schonhage_strassen_1.lean:748:38: This simp argument is unused:\n  Finset.sum_ite\n\nHint: Omit it from the simp argument list.\n  simp +decide [̵ ̵*̵,̵ ̵F̵i̵n̵s̵e̵t̵.̵s̵u̵m̵_̵i̵t̵e̵ ̵]̵[̲*̲]̲\n\nNote: This linter can be disabled with `set_option linter.unusedSimpArgs false`",
   "level": "warning"},
  {"message":
   "fast_verified_mul/schonhage_strassen_1.lean:753:58: This simp argument is unused:\n  omega_inv_half_period\n\nHint: Omit it from the simp argument list.\n  simp_all +decide [̵ ̵o̵m̵e̵g̵a̵_̵h̵a̵l̵f̵_̵p̵e̵r̵i̵o̵d̵,̵ ̵o̵m̵e̵g̵a̵_̵i̵n̵v̵_̵h̵a̵l̵f̵_̵p̵e̵r̵i̵o̵d̵ ̵]̵[̲o̲m̲e̲g̲a̲_̲h̲a̲l̲f̲_̲p̲e̲r̲i̲o̲d̲]̲\n\nNote: This linter can be disabled with `set_option linter.unusedSimpArgs false`",
   "level": "warning"},
  {"message":
   "fast_verified_mul/schonhage_strassen_1.lean:757:26: This simp argument is unused:\n  h_even_odd\n\nHint: Omit it from the simp argument list.\n  simp +decide [ ̵gen_dft, h̵_̵e̵v̵e̵n̵_̵o̵d̵d̵,̵ ̵mul_add, add_mul, pow_add, pow_mul', mul_assoc, mul_comm, mul_left_comm,\n  ̲  ̲ ̲ ̲Finset.mul_sum _ _ _, Finset.sum_add_distrib ̵]\n\nNote: This linter can be disabled with `set_option linter.unusedSimpArgs false`",
   "level": "warning"},
  {"message":
   "fast_verified_mul/schonhage_strassen_1.lean:757:47: This simp argument is unused:\n  add_mul\n\nHint: Omit it from the simp argument list.\n  simp +decide [ ̵gen_dft, h_even_odd, mul_add, a̵d̵d̵_̵m̵u̵l̵,̵ ̵pow_add, pow_mul', mul_assoc, mul_comm, mul_left_comm,\n  ̲  ̲ ̲ ̲Finset.mul_sum _ _ _, Finset.sum_add_distrib ̵]\n\nNote: This linter can be disabled with `set_option linter.unusedSimpArgs false`",
   "level": "warning"},
  {"message":
   "fast_verified_mul/schonhage_strassen_1.lean:757:133: This simp argument is unused:\n  Finset.sum_add_distrib\n\nHint: Omit it from the simp argument list.\n  simp +decide [̵ ̵g̵e̵n̵_̵d̵f̵t̵,̵[̲g̲e̲n̲_̲d̲f̲t̲,̲ h_even_odd, mul_add, add_mul, pow_add, pow_mul', mul_assoc, mul_comm,\n  ̲  ̲ ̲ ̲mul_left_comm, Finset.mul_sum _ _ _̵,̵ ̵F̵i̵n̵s̵e̵t̵.̵s̵u̵m̵_̵a̵d̵d̵_̵d̵i̵s̵t̵r̵i̵b̵ ̵]̵_̲]̲\n\nNote: This linter can be disabled with `set_option linter.unusedSimpArgs false`",
   "level": "warning"},
  {"message":
   "fast_verified_mul/schonhage_strassen_1.lean:770:40: This simp argument is unused:\n  mul_left_comm\n\nHint: Omit it from the simp argument list.\n  simp +decide [̵ ̵m̵u̵l̵_̵a̵s̵s̵o̵c̵,̵[̲m̲u̲l̲_̲a̲s̲s̲o̲c̲,̲ mul_comm, m̵u̵l̵_̵l̵e̵f̵t̵_̵c̵o̵m̵m̵,̵ ̵pow_mul', o̵m̵e̵g̵a̵ ̵]̵o̲m̲e̲g̲a̲]̲\n\nNote: This linter can be disabled with `set_option linter.unusedSimpArgs false`",
   "level": "warning"},
  {"message":
   "fast_verified_mul/schonhage_strassen_1.lean:743:6: 'simp [Finset.mem_range, Finset.mem_image]' is a flexible tactic modifying '⊢'. Try 'simp?' and use the suggested 'simp only [...]'. Alternatively, use `suffices` to explicitly state the simplified form.\n\nNote: This linter can be disabled with `set_option linter.flexible false`",
   "level": "warning"},
  {"message":
   "fast_verified_mul/schonhage_strassen_1.lean:743:6: Try this:\n  [apply] simp only [mem_range, mem_union, mem_image]",
   "level": "info"},
  {"message":
   "fast_verified_mul/schonhage_strassen_1.lean:744:6: 'exact\n  ⟨fun hj => by rcases Nat.even_or_odd' j with ⟨k, rfl | rfl⟩ <;> [left; right] <;> exact ⟨k, by linarith, rfl⟩,\n    fun hj => by rcases hj with (⟨k, hk, rfl⟩ | ⟨k, hk, rfl⟩) <;> linarith⟩' uses '⊢'!",
   "level": "info"},
  {"message":
   "fast_verified_mul/schonhage_strassen_1.lean:757:2: 'simp +decide [ gen_dft, h_even_odd, mul_add, add_mul, pow_add, pow_mul', mul_assoc, mul_comm, mul_left_comm, Finset.mul_sum _ _ _, Finset.sum_add_distrib ]' is a flexible tactic modifying '⊢'. Try 'simp?' and use the suggested 'simp only [...]'. Alternatively, use `suffices` to explicitly state the simplified form.\n\nNote: This linter can be disabled with `set_option linter.flexible false`",
   "level": "warning"},
  {"message":
   "fast_verified_mul/schonhage_strassen_1.lean:757:2: Try this:\n  [apply] simp +decide only [ite_pow, inv_pow, ite_mul, mul_ite, sum_ite_irrel]",
   "level": "info"},
  {"message":
   "fast_verified_mul/schonhage_strassen_1.lean:759:4: 'rw [← Finset.sum_sub_distrib]' uses '⊢'!",
   "level": "info"},
  {"message":
   "fast_verified_mul/schonhage_strassen_1.lean:757:2: 'simp +decide [ gen_dft, h_even_odd, mul_add, add_mul, pow_add, pow_mul', mul_assoc, mul_comm, mul_left_comm, Finset.mul_sum _ _ _, Finset.sum_add_distrib ]' is a flexible tactic modifying '⊢'. Try 'simp?' and use the suggested 'simp only [...]'. Alternatively, use `suffices` to explicitly state the simplified form.\n\nNote: This linter can be disabled with `set_option linter.flexible false`",
   "level": "warning"},
  {"message":
   "fast_verified_mul/schonhage_strassen_1.lean:757:2: Try this:\n  [apply] simp +decide only [ite_pow, inv_pow, ite_mul, mul_ite, sum_ite_irrel]",
   "level": "info"},
  {"message":
   "fast_verified_mul/schonhage_strassen_1.lean:759:38: 'rw [← Finset.sum_neg_distrib]' uses '⊢'!",
   "level": "info"},
  {"message":
   "fast_verified_mul/schonhage_strassen_1.lean:757:2: 'simp +decide [ gen_dft, h_even_odd, mul_add, add_mul, pow_add, pow_mul', mul_assoc, mul_comm, mul_left_comm, Finset.mul_sum _ _ _, Finset.sum_add_distrib ]' is a flexible tactic modifying '⊢'. Try 'simp?' and use the suggested 'simp only [...]'. Alternatively, use `suffices` to explicitly state the simplified form.\n\nNote: This linter can be disabled with `set_option linter.flexible false`",
   "level": "warning"},
  {"message":
   "fast_verified_mul/schonhage_strassen_1.lean:757:2: Try this:\n  [apply] simp +decide only [ite_pow, inv_pow, ite_mul, mul_ite, sum_ite_irrel]",
   "level": "info"},
  {"message":
   "fast_verified_mul/schonhage_strassen_1.lean:759:72: 'rw [← Finset.sum_add_distrib]' uses '⊢'!",
   "level": "info"},
  {"message":
   "fast_verified_mul/schonhage_strassen_1.lean:757:2: 'simp +decide [ gen_dft, h_even_odd, mul_add, add_mul, pow_add, pow_mul', mul_assoc, mul_comm, mul_left_comm, Finset.mul_sum _ _ _, Finset.sum_add_distrib ]' is a flexible tactic modifying '⊢'. Try 'simp?' and use the suggested 'simp only [...]'. Alternatively, use `suffices` to explicitly state the simplified form.\n\nNote: This linter can be disabled with `set_option linter.flexible false`",
   "level": "warning"},
  {"message":
   "fast_verified_mul/schonhage_strassen_1.lean:757:2: Try this:\n  [apply] simp +decide only [ite_pow, inv_pow, ite_mul, mul_ite, sum_ite_irrel]",
   "level": "info"},
  {"message":
   "fast_verified_mul/schonhage_strassen_1.lean:759:114: 'ext' uses '⊢'!",
   "level": "info"},
  {"message":
   "fast_verified_mul/schonhage_strassen_1.lean:757:2: 'simp +decide [ gen_dft, h_even_odd, mul_add, add_mul, pow_add, pow_mul', mul_assoc, mul_comm, mul_left_comm, Finset.mul_sum _ _ _, Finset.sum_add_distrib ]' is a flexible tactic modifying '⊢'. Try 'simp?' and use the suggested 'simp only [...]'. Alternatively, use `suffices` to explicitly state the simplified form.\n\nNote: This linter can be disabled with `set_option linter.flexible false`",
   "level": "warning"},
  {"message":
   "fast_verified_mul/schonhage_strassen_1.lean:757:2: Try this:\n  [apply] simp +decide only [ite_pow, inv_pow, ite_mul, mul_ite, sum_ite_irrel]",
   "level": "info"},
  {"message":
   "fast_verified_mul/schonhage_strassen_1.lean:760:4: 'rw [show (m : ℕ) = K + (m - K) by rw [Nat.add_sub_cancel' hm]]' uses '⊢'!",
   "level": "info"},
  {"message":
   "fast_verified_mul/schonhage_strassen_1.lean:757:2: 'simp +decide [ gen_dft, h_even_odd, mul_add, add_mul, pow_add, pow_mul', mul_assoc, mul_comm, mul_left_comm, Finset.mul_sum _ _ _, Finset.sum_add_distrib ]' is a flexible tactic modifying '⊢'. Try 'simp?' and use the suggested 'simp only [...]'. Alternatively, use `suffices` to explicitly state the simplified form.\n\nNote: This linter can be disabled with `set_option linter.flexible false`",
   "level": "warning"},
  {"message":
   "fast_verified_mul/schonhage_strassen_1.lean:757:2: Try this:\n  [apply] simp +decide only [ite_pow, inv_pow, ite_mul, mul_ite, sum_ite_irrel]",
   "level": "info"},
  {"message":
   "fast_verified_mul/schonhage_strassen_1.lean:765:4: 'rw [← Finset.sum_neg_distrib]' uses '⊢'!",
   "level": "info"},
  {"message":
   "fast_verified_mul/schonhage_strassen_1.lean:757:2: 'simp +decide [ gen_dft, h_even_odd, mul_add, add_mul, pow_add, pow_mul', mul_assoc, mul_comm, mul_left_comm, Finset.mul_sum _ _ _, Finset.sum_add_distrib ]' is a flexible tactic modifying '⊢'. Try 'simp?' and use the suggested 'simp only [...]'. Alternatively, use `suffices` to explicitly state the simplified form.\n\nNote: This linter can be disabled with `set_option linter.flexible false`",
   "level": "warning"},
  {"message":
   "fast_verified_mul/schonhage_strassen_1.lean:757:2: Try this:\n  [apply] simp +decide only [ite_pow, inv_pow, ite_mul, mul_ite, sum_ite_irrel]",
   "level": "info"},
  {"message":
   "fast_verified_mul/schonhage_strassen_1.lean:765:38: 'rw [← Finset.sum_sub_distrib]' uses '⊢'!",
   "level": "info"},
  {"message":
   "fast_verified_mul/schonhage_strassen_1.lean:757:2: 'simp +decide [ gen_dft, h_even_odd, mul_add, add_mul, pow_add, pow_mul', mul_assoc, mul_comm, mul_left_comm, Finset.mul_sum _ _ _, Finset.sum_add_distrib ]' is a flexible tactic modifying '⊢'. Try 'simp?' and use the suggested 'simp only [...]'. Alternatively, use `suffices` to explicitly state the simplified form.\n\nNote: This linter can be disabled with `set_option linter.flexible false`",
   "level": "warning"},
  {"message":
   "fast_verified_mul/schonhage_strassen_1.lean:757:2: Try this:\n  [apply] simp +decide only [ite_pow, inv_pow, ite_mul, mul_ite, sum_ite_irrel]",
   "level": "info"},
  {"message":
   "fast_verified_mul/schonhage_strassen_1.lean:765:72: 'rw [← Finset.sum_add_distrib]' uses '⊢'!",
   "level": "info"},
  {"message":
   "fast_verified_mul/schonhage_strassen_1.lean:757:2: 'simp +decide [ gen_dft, h_even_odd, mul_add, add_mul, pow_add, pow_mul', mul_assoc, mul_comm, mul_left_comm, Finset.mul_sum _ _ _, Finset.sum_add_distrib ]' is a flexible tactic modifying '⊢'. Try 'simp?' and use the suggested 'simp only [...]'. Alternatively, use `suffices` to explicitly state the simplified form.\n\nNote: This linter can be disabled with `set_option linter.flexible false`",
   "level": "warning"},
  {"message":
   "fast_verified_mul/schonhage_strassen_1.lean:757:2: Try this:\n  [apply] simp +decide only [ite_pow, inv_pow, ite_mul, mul_ite, sum_ite_irrel]",
   "level": "info"},
  {"message":
   "fast_verified_mul/schonhage_strassen_1.lean:765:114: 'ext' uses '⊢'!",
   "level": "info"},
  {"message":
   "fast_verified_mul/schonhage_strassen_1.lean:757:2: 'simp +decide [ gen_dft, h_even_odd, mul_add, add_mul, pow_add, pow_mul', mul_assoc, mul_comm, mul_left_comm, Finset.mul_sum _ _ _, Finset.sum_add_distrib ]' is a flexible tactic modifying '⊢'. Try 'simp?' and use the suggested 'simp only [...]'. Alternatively, use `suffices` to explicitly state the simplified form.\n\nNote: This linter can be disabled with `set_option linter.flexible false`",
   "level": "warning"},
  {"message":
   "fast_verified_mul/schonhage_strassen_1.lean:757:2: Try this:\n  [apply] simp +decide only [ite_pow, inv_pow, ite_mul, mul_ite, sum_ite_irrel]",
   "level": "info"},
  {"message":
   "fast_verified_mul/schonhage_strassen_1.lean:766:4: 'rw [show (omega K : ℂ) = omega (K * 2) ^ 2 by unfold omega; rw [← Complex.exp_nat_mul]; ring; push_cast; ring;\n    ]' uses '⊢'!",
   "level": "info"},
  {"message":
   "fast_verified_mul/schonhage_strassen_1.lean:757:2: 'simp +decide [ gen_dft, h_even_odd, mul_add, add_mul, pow_add, pow_mul', mul_assoc, mul_comm, mul_left_comm, Finset.mul_sum _ _ _, Finset.sum_add_distrib ]' is a flexible tactic modifying '⊢'. Try 'simp?' and use the suggested 'simp only [...]'. Alternatively, use `suffices` to explicitly state the simplified form.\n\nNote: This linter can be disabled with `set_option linter.flexible false`",
   "level": "warning"},
  {"message":
   "fast_verified_mul/schonhage_strassen_1.lean:757:2: Try this:\n  [apply] simp +decide only [ite_pow, inv_pow, ite_mul, mul_ite, sum_ite_irrel]",
   "level": "info"},
  {"message":
   "fast_verified_mul/schonhage_strassen_1.lean:769:4: 'rw [show (m : ℕ) = K + (m - K) by rw [Nat.add_sub_of_le hm]]' uses '⊢'!",
   "level": "info"},
  {"message":
   "fast_verified_mul/schonhage_strassen_1.lean:740:100: This line exceeds the 100 character limit, please shorten it!\n\nNote: This linter can be disabled with `set_option linter.style.longLine false`",
   "level": "warning"},
  {"message":
   "fast_verified_mul/schonhage_strassen_1.lean:741:100: This line exceeds the 100 character limit, please shorten it!\n\nNote: This linter can be disabled with `set_option linter.style.longLine false`",
   "level": "warning"},
  {"message":
   "fast_verified_mul/schonhage_strassen_1.lean:744:100: This line exceeds the 100 character limit, please shorten it!\n\nNote: This linter can be disabled with `set_option linter.style.longLine false`",
   "level": "warning"},
  {"message":
   "fast_verified_mul/schonhage_strassen_1.lean:751:100: This line exceeds the 100 character limit, please shorten it!\n\nNote: This linter can be disabled with `set_option linter.style.longLine false`",
   "level": "warning"},
  {"message":
   "fast_verified_mul/schonhage_strassen_1.lean:754:100: This line exceeds the 100 character limit, please shorten it!\n\nNote: This linter can be disabled with `set_option linter.style.longLine false`",
   "level": "warning"},
  {"message":
   "fast_verified_mul/schonhage_strassen_1.lean:757:100: This line exceeds the 100 character limit, please shorten it!\n\nNote: This linter can be disabled with `set_option linter.style.longLine false`",
   "level": "warning"},
  {"message":
   "fast_verified_mul/schonhage_strassen_1.lean:759:100: This line exceeds the 100 character limit, please shorten it!\n\nNote: This linter can be disabled with `set_option linter.style.longLine false`",
   "level": "warning"},
  {"message":
   "fast_verified_mul/schonhage_strassen_1.lean:763:100: This line exceeds the 100 character limit, please shorten it!\n\nNote: This linter can be disabled with `set_option linter.style.longLine false`",
   "level": "warning"},
  {"message":
   "fast_verified_mul/schonhage_strassen_1.lean:764:100: This line exceeds the 100 character limit, please shorten it!\n\nNote: This linter can be disabled with `set_option linter.style.longLine false`",
   "level": "warning"},
  {"message":
   "fast_verified_mul/schonhage_strassen_1.lean:765:100: This line exceeds the 100 character limit, please shorten it!\n\nNote: This linter can be disabled with `set_option linter.style.longLine false`",
   "level": "warning"},
  {"message":
   "fast_verified_mul/schonhage_strassen_1.lean:773:100: This line exceeds the 100 character limit, please shorten it!\n\nNote: This linter can be disabled with `set_option linter.style.longLine false`",
   "level": "warning"},
  {"message":
   "fast_verified_mul/schonhage_strassen_1.lean:774:100: This line exceeds the 100 character limit, please shorten it!\n\nNote: This linter can be disabled with `set_option linter.style.longLine false`",
   "level": "warning"},
  {"message":
   "fast_verified_mul/schonhage_strassen_1.lean:801:21: unused variable `hεb`\n\nNote: This linter can be disabled with `set_option linter.unusedVariables false`",
   "level": "warning"},
  {"message":
   "fast_verified_mul/schonhage_strassen_1.lean:801:53: unused variable `hMb`\n\nNote: This linter can be disabled with `set_option linter.unusedVariables false`",
   "level": "warning"},
  {"message":
   "fast_verified_mul/schonhage_strassen_1.lean:830:8: The `refine'` tactic is discouraged: please strongly consider using `refine` or `apply` instead.\n\nNote: This linter can be disabled with `set_option linter.style.refine false`",
   "level": "warning"},
  {"message":
   "fast_verified_mul/schonhage_strassen_1.lean:846:4: The `refine'` tactic is discouraged: please strongly consider using `refine` or `apply` instead.\n\nNote: This linter can be disabled with `set_option linter.style.refine false`",
   "level": "warning"},
  {"message":
   "fast_verified_mul/schonhage_strassen_1.lean:840:36: 'simp_all +decide [ pow_succ, div_mul_eq_div_div ]' is a flexible tactic modifying '⊢'. Try 'simp_all?' and use the suggested 'simp_all only [...]'. Alternatively, use `suffices` to explicitly state the simplified form.\n\nNote: This linter can be disabled with `set_option linter.flexible false`",
   "level": "warning"},
  {"message":
   "fast_verified_mul/schonhage_strassen_1.lean:840:36: Try this:\n  [apply] simp_all +decide only [add_tsub_cancel_right, Int.cast_eq]",
   "level": "info"},
  {"message":
   "fast_verified_mul/schonhage_strassen_1.lean:842:8: 'rw [div_div, div_add_div, le_div_iff₀, div_lt_iff₀]' uses '⊢'!",
   "level": "info"},
  {"message":
   "fast_verified_mul/schonhage_strassen_1.lean:857:21: 'simp_all +decide [ Int.shiftRight_eq_div_pow ]' is a flexible tactic modifying '⊢'. Try 'simp_all?' and use the suggested 'simp_all only [...]'. Alternatively, use `suffices` to explicitly state the simplified form.\n\nNote: This linter can be disabled with `set_option linter.flexible false`",
   "level": "warning"},
  {"message":
   "fast_verified_mul/schonhage_strassen_1.lean:857:21: Try this:\n  [apply] simp_all +decide only [Nat.add_eq_zero_iff, one_ne_zero, and_false, ↓reduceIte, add_tsub_cancel_right]",
   "level": "info"},
  {"message":
   "fast_verified_mul/schonhage_strassen_1.lean:858:8: 'rw [round_eq]' uses '⊢'!",
   "level": "info"},
  {"message":
   "fast_verified_mul/schonhage_strassen_1.lean:857:21: 'simp_all +decide [ Int.shiftRight_eq_div_pow ]' is a flexible tactic modifying '⊢'. Try 'simp_all?' and use the suggested 'simp_all only [...]'. Alternatively, use `suffices` to explicitly state the simplified form.\n\nNote: This linter can be disabled with `set_option linter.flexible false`",
   "level": "warning"},
  {"message":
   "fast_verified_mul/schonhage_strassen_1.lean:857:21: Try this:\n  [apply] simp_all +decide only [Nat.add_eq_zero_iff, one_ne_zero, and_false, ↓reduceIte, add_tsub_cancel_right]",
   "level": "info"},
  {"message":
   "fast_verified_mul/schonhage_strassen_1.lean:859:8: 'rw [eq_comm, Int.floor_eq_iff]' uses '⊢'!",
   "level": "info"},
  {"message":
   "fast_verified_mul/schonhage_strassen_1.lean:857:21: 'simp_all +decide [ Int.shiftRight_eq_div_pow ]' is a flexible tactic modifying '⊢'. Try 'simp_all?' and use the suggested 'simp_all only [...]'. Alternatively, use `suffices` to explicitly state the simplified form.\n\nNote: This linter can be disabled with `set_option linter.flexible false`",
   "level": "warning"},
  {"message":
   "fast_verified_mul/schonhage_strassen_1.lean:857:21: Try this:\n  [apply] simp_all +decide only [Nat.add_eq_zero_iff, one_ne_zero, and_false, ↓reduceIte, add_tsub_cancel_right]",
   "level": "info"},
  {"message":
   "fast_verified_mul/schonhage_strassen_1.lean:860:8: 'rw [div_add_div, le_div_iff₀, div_lt_iff₀]' uses '⊢'!",
   "level": "info"},
  {"message":
   "fast_verified_mul/schonhage_strassen_1.lean:813:100: This line exceeds the 100 character limit, please shorten it!\n\nNote: This linter can be disabled with `set_option linter.style.longLine false`",
   "level": "warning"},
  {"message":
   "fast_verified_mul/schonhage_strassen_1.lean:822:100: This line exceeds the 100 character limit, please shorten it!\n\nNote: This linter can be disabled with `set_option linter.style.longLine false`",
   "level": "warning"},
  {"message":
   "fast_verified_mul/schonhage_strassen_1.lean:824:100: This line exceeds the 100 character limit, please shorten it!\n\nNote: This linter can be disabled with `set_option linter.style.longLine false`",
   "level": "warning"},
  {"message":
   "fast_verified_mul/schonhage_strassen_1.lean:825:100: This line exceeds the 100 character limit, please shorten it!\n\nNote: This linter can be disabled with `set_option linter.style.longLine false`",
   "level": "warning"},
  {"message":
   "fast_verified_mul/schonhage_strassen_1.lean:827:100: This line exceeds the 100 character limit, please shorten it!\n\nNote: This linter can be disabled with `set_option linter.style.longLine false`",
   "level": "warning"},
  {"message":
   "fast_verified_mul/schonhage_strassen_1.lean:828:100: This line exceeds the 100 character limit, please shorten it!\n\nNote: This linter can be disabled with `set_option linter.style.longLine false`",
   "level": "warning"},
  {"message":
   "fast_verified_mul/schonhage_strassen_1.lean:830:100: This line exceeds the 100 character limit, please shorten it!\n\nNote: This linter can be disabled with `set_option linter.style.longLine false`",
   "level": "warning"},
  {"message":
   "fast_verified_mul/schonhage_strassen_1.lean:831:100: This line exceeds the 100 character limit, please shorten it!\n\nNote: This linter can be disabled with `set_option linter.style.longLine false`",
   "level": "warning"},
  {"message":
   "fast_verified_mul/schonhage_strassen_1.lean:832:100: This line exceeds the 100 character limit, please shorten it!\n\nNote: This linter can be disabled with `set_option linter.style.longLine false`",
   "level": "warning"},
  {"message":
   "fast_verified_mul/schonhage_strassen_1.lean:839:100: This line exceeds the 100 character limit, please shorten it!\n\nNote: This linter can be disabled with `set_option linter.style.longLine false`",
   "level": "warning"},
  {"message":
   "fast_verified_mul/schonhage_strassen_1.lean:842:100: This line exceeds the 100 character limit, please shorten it!\n\nNote: This linter can be disabled with `set_option linter.style.longLine false`",
   "level": "warning"},
  {"message":
   "fast_verified_mul/schonhage_strassen_1.lean:843:100: This line exceeds the 100 character limit, please shorten it!\n\nNote: This linter can be disabled with `set_option linter.style.longLine false`",
   "level": "warning"},
  {"message":
   "fast_verified_mul/schonhage_strassen_1.lean:849:100: This line exceeds the 100 character limit, please shorten it!\n\nNote: This linter can be disabled with `set_option linter.style.longLine false`",
   "level": "warning"},
  {"message":
   "fast_verified_mul/schonhage_strassen_1.lean:850:100: This line exceeds the 100 character limit, please shorten it!\n\nNote: This linter can be disabled with `set_option linter.style.longLine false`",
   "level": "warning"},
  {"message":
   "fast_verified_mul/schonhage_strassen_1.lean:861:100: This line exceeds the 100 character limit, please shorten it!\n\nNote: This linter can be disabled with `set_option linter.style.longLine false`",
   "level": "warning"},
  {"message":
   "fast_verified_mul/schonhage_strassen_1.lean:864:100: This line exceeds the 100 character limit, please shorten it!\n\nNote: This linter can be disabled with `set_option linter.style.longLine false`",
   "level": "warning"},
  {"message":
   "fast_verified_mul/schonhage_strassen_1.lean:865:100: This line exceeds the 100 character limit, please shorten it!\n\nNote: This linter can be disabled with `set_option linter.style.longLine false`",
   "level": "warning"},
  {"message":
   "fast_verified_mul/schonhage_strassen_1.lean:868:100: This line exceeds the 100 character limit, please shorten it!\n\nNote: This linter can be disabled with `set_option linter.style.longLine false`",
   "level": "warning"},
  {"message":
   "fast_verified_mul/schonhage_strassen_1.lean:876:100: This line exceeds the 100 character limit, please shorten it!\n\nNote: This linter can be disabled with `set_option linter.style.longLine false`",
   "level": "warning"},
  {"message":
   "fast_verified_mul/schonhage_strassen_1.lean:880:100: This line exceeds the 100 character limit, please shorten it!\n\nNote: This linter can be disabled with `set_option linter.style.longLine false`",
   "level": "warning"},
  {"message":
   "fast_verified_mul/schonhage_strassen_1.lean:887:44: unused variable `hK`\n\nNote: This linter can be disabled with `set_option linter.unusedVariables false`",
   "level": "warning"},
  {"message":
   "fast_verified_mul/schonhage_strassen_1.lean:888:13: unused variable `hM`\n\nNote: This linter can be disabled with `set_option linter.unusedVariables false`",
   "level": "warning"},
  {"message":
   "fast_verified_mul/schonhage_strassen_1.lean:897:29: 'simp_all +decide [ Complex.norm_def, Complex.normSq ]' is a flexible tactic modifying '⊢'. Try 'simp_all?' and use the suggested 'simp_all only [...]'. Alternatively, use `suffices` to explicitly state the simplified form.\n\nNote: This linter can be disabled with `set_option linter.flexible false`",
   "level": "warning"},
  {"message":
   "fast_verified_mul/schonhage_strassen_1.lean:897:29: Try this:\n  [apply] simp_all +decide only [inv_pow, Complex.norm_mul, norm_inv, norm_pow]",
   "level": "info"},
  {"message":
   "fast_verified_mul/schonhage_strassen_1.lean:898:8: 'unfold omega' uses '⊢'!",
   "level": "info"},
  {"message":
   "fast_verified_mul/schonhage_strassen_1.lean:897:29: 'simp_all +decide [ Complex.norm_def, Complex.normSq ]' is a flexible tactic modifying '⊢'. Try 'simp_all?' and use the suggested 'simp_all only [...]'. Alternatively, use `suffices` to explicitly state the simplified form.\n\nNote: This linter can be disabled with `set_option linter.flexible false`",
   "level": "warning"},
  {"message":
   "fast_verified_mul/schonhage_strassen_1.lean:897:29: Try this:\n  [apply] simp_all +decide only [Complex.norm_mul, norm_pow]",
   "level": "info"},
  {"message":
   "fast_verified_mul/schonhage_strassen_1.lean:900:8: 'unfold omega' uses '⊢'!",
   "level": "info"},
  {"message":
   "fast_verified_mul/schonhage_strassen_1.lean:896:100: This line exceeds the 100 character limit, please shorten it!\n\nNote: This linter can be disabled with `set_option linter.style.longLine false`",
   "level": "warning"},
  {"message":
   "fast_verified_mul/schonhage_strassen_1.lean:898:100: This line exceeds the 100 character limit, please shorten it!\n\nNote: This linter can be disabled with `set_option linter.style.longLine false`",
   "level": "warning"},
  {"message":
   "fast_verified_mul/schonhage_strassen_1.lean:901:100: This line exceeds the 100 character limit, please shorten it!\n\nNote: This linter can be disabled with `set_option linter.style.longLine false`",
   "level": "warning"},
  {"message":
   "fast_verified_mul/schonhage_strassen_1.lean:902:100: This line exceeds the 100 character limit, please shorten it!\n\nNote: This linter can be disabled with `set_option linter.style.longLine false`",
   "level": "warning"},
  {"message":
   "fast_verified_mul/schonhage_strassen_1.lean:903:100: This line exceeds the 100 character limit, please shorten it!\n\nNote: This linter can be disabled with `set_option linter.style.longLine false`",
   "level": "warning"},
  {"message":
   "fast_verified_mul/schonhage_strassen_1.lean:908:47: unused variable `hK`\n\nNote: This linter can be disabled with `set_option linter.unusedVariables false`",
   "level": "warning"},
  {"message":
   "fast_verified_mul/schonhage_strassen_1.lean:909:13: unused variable `hM`\n\nNote: This linter can be disabled with `set_option linter.unusedVariables false`",
   "level": "warning"},
  {"message":
   "fast_verified_mul/schonhage_strassen_1.lean:914:4: The `refine'` tactic is discouraged: please strongly consider using `refine` or `apply` instead.\n\nNote: This linter can be disabled with `set_option linter.style.refine false`",
   "level": "warning"},
  {"message":
   "fast_verified_mul/schonhage_strassen_1.lean:915:32: 'simp_all +decide [ Complex.norm_exp ]' is a flexible tactic modifying '⊢'. Try 'simp_all?' and use the suggested 'simp_all only [...]'. Alternatively, use `suffices` to explicitly state the simplified form.\n\nNote: This linter can be disabled with `set_option linter.flexible false`",
   "level": "warning"},
  {"message":
   "fast_verified_mul/schonhage_strassen_1.lean:915:32: Try this:\n  [apply] simp_all +decide only [inv_pow, Complex.norm_mul, norm_inv, norm_pow]",
   "level": "info"},
  {"message":
   "fast_verified_mul/schonhage_strassen_1.lean:916:6: 'exact le_trans (Finset.sum_le_sum fun _ _ => hx _) (by norm_num)' uses '⊢'!",
   "level": "info"},
  {"message":
   "fast_verified_mul/schonhage_strassen_1.lean:915:32: 'simp_all +decide [ Complex.norm_exp ]' is a flexible tactic modifying '⊢'. Try 'simp_all?' and use the suggested 'simp_all only [...]'. Alternatively, use `suffices` to explicitly state the simplified form.\n\nNote: This linter can be disabled with `set_option linter.flexible false`",
   "level": "warning"},
  {"message":
   "fast_verified_mul/schonhage_strassen_1.lean:915:32: Try this:\n  [apply] simp_all +decide only [Complex.norm_mul, norm_pow]",
   "level": "info"},
  {"message":
   "fast_verified_mul/schonhage_strassen_1.lean:917:6: 'exact le_trans (Finset.sum_le_sum fun _ _ => hx _) (by norm_num)' uses '⊢'!",
   "level": "info"},
  {"message":
   "fast_verified_mul/schonhage_strassen_1.lean:918:100: This line exceeds the 100 character limit, please shorten it!\n\nNote: This linter can be disabled with `set_option linter.style.longLine false`",
   "level": "warning"},
  {"message":
   "fast_verified_mul/schonhage_strassen_1.lean:925:93: Try this:\n  [apply] ring_nf\n  \n  The `ring` tactic failed to close the goal. Use `ring_nf` to obtain a normal form.\n    \n  Note that `ring` works primarily in *commutative* rings. If you have a noncommutative ring, abelian group or module, consider using `noncomm_ring`, `abel` or `module` instead.",
   "level": "info"},
  {"message":
   "fast_verified_mul/schonhage_strassen_1.lean:925:23: 'simp +decide [ mul_comm, mul_assoc, mul_left_comm, Finset.mul_sum ]' is a flexible tactic modifying '⊢'. Try 'simp?' and use the suggested 'simp only [...]'. Alternatively, use `suffices` to explicitly state the simplified form.\n\nNote: This linter can be disabled with `set_option linter.flexible false`",
   "level": "warning"},
  {"message":
   "fast_verified_mul/schonhage_strassen_1.lean:925:23: Try this:\n  [apply] simp +decide only [↓reduceIte, inv_pow, one_div]",
   "level": "info"},
  {"message":
   "fast_verified_mul/schonhage_strassen_1.lean:926:2: 'exact Finset.sum_congr rfl fun _ _ => by rw [mul_inv_cancel_right₀ (by norm_cast; linarith)]; ring;' uses '⊢'!",
   "level": "info"},
  {"message":
   "fast_verified_mul/schonhage_strassen_1.lean:926:100: This line exceeds the 100 character limit, please shorten it!\n\nNote: This linter can be disabled with `set_option linter.style.longLine false`",
   "level": "warning"},
  {"message":
   "fast_verified_mul/schonhage_strassen_1.lean:939:100: This line exceeds the 100 character limit, please shorten it!\n\nNote: This linter can be disabled with `set_option linter.style.longLine false`",
   "level": "warning"},
  {"message":
   "fast_verified_mul/schonhage_strassen_1.lean:941:100: This line exceeds the 100 character limit, please shorten it!\n\nNote: This linter can be disabled with `set_option linter.style.longLine false`",
   "level": "warning"},
  {"message":
   "fast_verified_mul/schonhage_strassen_1.lean:943:100: This line exceeds the 100 character limit, please shorten it!\n\nNote: This linter can be disabled with `set_option linter.style.longLine false`",
   "level": "warning"},
  {"message":
   "fast_verified_mul/schonhage_strassen_1.lean:945:100: This line exceeds the 100 character limit, please shorten it!\n\nNote: This linter can be disabled with `set_option linter.style.longLine false`",
   "level": "warning"},
  {"message":
   "fast_verified_mul/schonhage_strassen_1.lean:946:100: This line exceeds the 100 character limit, please shorten it!\n\nNote: This linter can be disabled with `set_option linter.style.longLine false`",
   "level": "warning"},
  {"message":
   "fast_verified_mul/schonhage_strassen_1.lean:998:100: This line exceeds the 100 character limit, please shorten it!\n\nNote: This linter can be disabled with `set_option linter.style.longLine false`",
   "level": "warning"},
  {"message":
   "fast_verified_mul/schonhage_strassen_1.lean:1001:100: This line exceeds the 100 character limit, please shorten it!\n\nNote: This linter can be disabled with `set_option linter.style.longLine false`",
   "level": "warning"},
  {"message":
   "fast_verified_mul/schonhage_strassen_1.lean:1009:100: This line exceeds the 100 character limit, please shorten it!\n\nNote: This linter can be disabled with `set_option linter.style.longLine false`",
   "level": "warning"},
  {"message":
   "fast_verified_mul/schonhage_strassen_1.lean:1012:100: This line exceeds the 100 character limit, please shorten it!\n\nNote: This linter can be disabled with `set_option linter.style.longLine false`",
   "level": "warning"},
  {"message":
   "fast_verified_mul/schonhage_strassen_1.lean:1029:92: Try this:\n  [apply] ring_nf\n  \n  The `ring` tactic failed to close the goal. Use `ring_nf` to obtain a normal form.\n    \n  Note that `ring` works primarily in *commutative* rings. If you have a noncommutative ring, abelian group or module, consider using `noncomm_ring`, `abel` or `module` instead.",
   "level": "info"},
  {"message":
   "fast_verified_mul/schonhage_strassen_1.lean:1030:99: Try this:\n  [apply] ring_nf\n  \n  The `ring` tactic failed to close the goal. Use `ring_nf` to obtain a normal form.\n    \n  Note that `ring` works primarily in *commutative* rings. If you have a noncommutative ring, abelian group or module, consider using `noncomm_ring`, `abel` or `module` instead.",
   "level": "info"},
  {"message":
   "fast_verified_mul/schonhage_strassen_1.lean:1033:83: Try this:\n  [apply] ring_nf\n  \n  The `ring` tactic failed to close the goal. Use `ring_nf` to obtain a normal form.\n    \n  Note that `ring` works primarily in *commutative* rings. If you have a noncommutative ring, abelian group or module, consider using `noncomm_ring`, `abel` or `module` instead.",
   "level": "info"},
  {"message":
   "fast_verified_mul/schonhage_strassen_1.lean:1033:83: Try this:\n  [apply] ring_nf\n  \n  The `ring` tactic failed to close the goal. Use `ring_nf` to obtain a normal form.\n    \n  Note that `ring` works primarily in *commutative* rings. If you have a noncommutative ring, abelian group or module, consider using `noncomm_ring`, `abel` or `module` instead.",
   "level": "info"},
  {"message":
   "fast_verified_mul/schonhage_strassen_1.lean:1034:71: Try this:\n  [apply] ring_nf\n  \n  The `ring` tactic failed to close the goal. Use `ring_nf` to obtain a normal form.\n    \n  Note that `ring` works primarily in *commutative* rings. If you have a noncommutative ring, abelian group or module, consider using `noncomm_ring`, `abel` or `module` instead.",
   "level": "info"},
  {"message":
   "fast_verified_mul/schonhage_strassen_1.lean:1035:71: Try this:\n  [apply] ring_nf\n  \n  The `ring` tactic failed to close the goal. Use `ring_nf` to obtain a normal form.\n    \n  Note that `ring` works primarily in *commutative* rings. If you have a noncommutative ring, abelian group or module, consider using `noncomm_ring`, `abel` or `module` instead.",
   "level": "info"},
  {"message":
   "fast_verified_mul/schonhage_strassen_1.lean:1031:49: This simp argument is unused:\n  Complex.exp_im\n\nHint: Omit it from the simp argument list.\n  simp +decide [̵ ̵C̵o̵m̵p̵l̵e̵x̵.̵e̵x̵p̵_̵r̵e̵,̵ ̵C̵o̵m̵p̵l̵e̵x̵.̵e̵x̵p̵_̵i̵m̵,̵ ̵d̵i̵v̵_̵e̵q̵_̵m̵u̵l̵_̵i̵n̵v̵ ̵]̵[̲C̲o̲m̲p̲l̲e̲x̲.̲e̲x̲p̲_̲r̲e̲,̲ ̲d̲i̲v̲_̲e̲q̲_̲m̲u̲l̲_̲i̲n̲v̲]̲\n\nNote: This linter can be disabled with `set_option linter.unusedSimpArgs false`",
   "level": "warning"},
  {"message":
   "fast_verified_mul/schonhage_strassen_1.lean:1029:92: The following tactic starts with 2 goals and ends with 2 goals, 1 of which is not operated on.\n  ring\nPlease focus on the current goal, for instance using `·` (typed as \"\\.\").\n\nNote: This linter can be disabled with `set_option linter.style.multiGoal false`",
   "level": "warning"},
  {"message":
   "fast_verified_mul/schonhage_strassen_1.lean:1023:100: This line exceeds the 100 character limit, please shorten it!\n\nNote: This linter can be disabled with `set_option linter.style.longLine false`",
   "level": "warning"},
  {"message":
   "fast_verified_mul/schonhage_strassen_1.lean:1024:100: This line exceeds the 100 character limit, please shorten it!\n\nNote: This linter can be disabled with `set_option linter.style.longLine false`",
   "level": "warning"},
  {"message":
   "fast_verified_mul/schonhage_strassen_1.lean:1028:100: This line exceeds the 100 character limit, please shorten it!\n\nNote: This linter can be disabled with `set_option linter.style.longLine false`",
   "level": "warning"},
  {"message":
   "fast_verified_mul/schonhage_strassen_1.lean:1030:100: This line exceeds the 100 character limit, please shorten it!\n\nNote: This linter can be disabled with `set_option linter.style.longLine false`",
   "level": "warning"},
  {"message":
   "fast_verified_mul/schonhage_strassen_1.lean:1047:4: Try this:\n  [apply] ring_nf\n  \n  The `ring` tactic failed to close the goal. Use `ring_nf` to obtain a normal form.\n    \n  Note that `ring` works primarily in *commutative* rings. If you have a noncommutative ring, abelian group or module, consider using `noncomm_ring`, `abel` or `module` instead.",
   "level": "info"},
  {"message":
   "fast_verified_mul/schonhage_strassen_1.lean:1045:100: This line exceeds the 100 character limit, please shorten it!\n\nNote: This linter can be disabled with `set_option linter.style.longLine false`",
   "level": "warning"},
  {"message":
   "fast_verified_mul/schonhage_strassen_1.lean:1048:100: This line exceeds the 100 character limit, please shorten it!\n\nNote: This linter can be disabled with `set_option linter.style.longLine false`",
   "level": "warning"},
  {"message":
   "fast_verified_mul/schonhage_strassen_1.lean:1079:100: This line exceeds the 100 character limit, please shorten it!\n\nNote: This linter can be disabled with `set_option linter.style.longLine false`",
   "level": "warning"},
  {"message":
   "fast_verified_mul/schonhage_strassen_1.lean:1081:100: This line exceeds the 100 character limit, please shorten it!\n\nNote: This linter can be disabled with `set_option linter.style.longLine false`",
   "level": "warning"},
  {"message":
   "fast_verified_mul/schonhage_strassen_1.lean:1107:57: This simp argument is unused:\n  Complex.ext_iff\n\nHint: Omit it from the simp argument list.\n  simp_all +decide [̵ ̵F̵P̵C̵o̵m̵p̵l̵e̵x̵.̵c̵a̵d̵d̵,̵ ̵F̵P̵C̵o̵m̵p̵l̵e̵x̵.̵c̵m̵u̵l̵,̵ ̵C̵o̵m̵p̵l̵e̵x̵.̵e̵x̵t̵_̵i̵f̵f̵ ̵]̵[̲F̲P̲C̲o̲m̲p̲l̲e̲x̲.̲c̲a̲d̲d̲,̲ ̲F̲P̲C̲o̲m̲p̲l̲e̲x̲.̲c̲m̲u̲l̲]̲\n\nNote: This linter can be disabled with `set_option linter.unusedSimpArgs false`",
   "level": "warning"},
  {"message":
   "fast_verified_mul/schonhage_strassen_1.lean:1104:30: 'simp_all +decide [ FPComplex.cadd, FPComplex.csub ]' is a flexible tactic modifying '⊢'. Try 'simp_all?' and use the suggested 'simp_all only [...]'. Alternatively, use `suffices` to explicitly state the simplified form.\n\nNote: This linter can be disabled with `set_option linter.flexible false`",
   "level": "warning"},
  {"message":
   "fast_verified_mul/schonhage_strassen_1.lean:1104:30: Try this:\n  [apply] simp_all +decide only [add_re, mul_re, add_im, mul_im]",
   "level": "info"},
  {"message":
   "fast_verified_mul/schonhage_strassen_1.lean:1105:4: 'convert @butterfly_error_lo K P hK hP E' O' T E_exact O_exact w_j ε M hε hM ?_ ?_ ?_ ?_ ?_ ?_ ?_ ?_ ?_ ?_ using\n  1' uses '⊢'!",
   "level": "info"},
  {"message":
   "fast_verified_mul/schonhage_strassen_1.lean:1104:30: 'simp_all +decide [ FPComplex.cadd, FPComplex.csub ]' is a flexible tactic modifying '⊢'. Try 'simp_all?' and use the suggested 'simp_all only [...]'. Alternatively, use `suffices` to explicitly state the simplified form.\n\nNote: This linter can be disabled with `set_option linter.flexible false`",
   "level": "warning"},
  {"message":
   "fast_verified_mul/schonhage_strassen_1.lean:1104:30: Try this:\n  [apply] simp_all +decide only [add_re, mul_re, add_im, mul_im]",
   "level": "info"},
  {"message":
   "fast_verified_mul/schonhage_strassen_1.lean:1108:6: 'exact hT_re.trans (by norm_num)' uses '⊢'!",
   "level": "info"},
  {"message":
   "fast_verified_mul/schonhage_strassen_1.lean:1104:30: 'simp_all +decide [ FPComplex.cadd, FPComplex.csub ]' is a flexible tactic modifying '⊢'. Try 'simp_all?' and use the suggested 'simp_all only [...]'. Alternatively, use `suffices` to explicitly state the simplified form.\n\nNote: This linter can be disabled with `set_option linter.flexible false`",
   "level": "warning"},
  {"message":
   "fast_verified_mul/schonhage_strassen_1.lean:1104:30: Try this:\n  [apply] simp_all +decide only [add_re, mul_re, add_im, mul_im]",
   "level": "info"},
  {"message":
   "fast_verified_mul/schonhage_strassen_1.lean:1109:6: 'exact hT_im.trans (by norm_num)' uses '⊢'!",
   "level": "info"},
  {"message":
   "fast_verified_mul/schonhage_strassen_1.lean:1104:30: 'simp_all +decide [ FPComplex.cadd, FPComplex.csub ]' is a flexible tactic modifying '⊢'. Try 'simp_all?' and use the suggested 'simp_all only [...]'. Alternatively, use `suffices` to explicitly state the simplified form.\n\nNote: This linter can be disabled with `set_option linter.flexible false`",
   "level": "warning"},
  {"message":
   "fast_verified_mul/schonhage_strassen_1.lean:1104:30: Try this:\n  [apply] simp_all +decide only [sub_re, mul_re, sub_im, mul_im]",
   "level": "info"},
  {"message":
   "fast_verified_mul/schonhage_strassen_1.lean:1110:4: 'have := cmul_error_bound P hP T O' w_j O_exact (1 / 2) ε 1 (2 * K * M) ?_ ?_ ?_ ?_ ?_ ?_ ?_ ?_ ?_' uses '⊢'!",
   "level": "info"},
  {"message":
   "fast_verified_mul/schonhage_strassen_1.lean:1104:30: 'simp_all +decide [ FPComplex.cadd, FPComplex.csub ]' is a flexible tactic modifying '⊢'. Try 'simp_all?' and use the suggested 'simp_all only [...]'. Alternatively, use `suffices` to explicitly state the simplified form.\n\nNote: This linter can be disabled with `set_option linter.flexible false`",
   "level": "warning"},
  {"message":
   "fast_verified_mul/schonhage_strassen_1.lean:1104:30: Try this:\n  [apply] simp_all +decide only [sub_re, mul_re, sub_im, mul_im]",
   "level": "info"},
  {"message":
   "fast_verified_mul/schonhage_strassen_1.lean:1114:6: 'positivity' uses '⊢'!",
   "level": "info"},
  {"message":
   "fast_verified_mul/schonhage_strassen_1.lean:1102:100: This line exceeds the 100 character limit, please shorten it!\n\nNote: This linter can be disabled with `set_option linter.style.longLine false`",
   "level": "warning"},
  {"message":
   "fast_verified_mul/schonhage_strassen_1.lean:1105:100: This line exceeds the 100 character limit, please shorten it!\n\nNote: This linter can be disabled with `set_option linter.style.longLine false`",
   "level": "warning"},
  {"message":
   "fast_verified_mul/schonhage_strassen_1.lean:1110:100: This line exceeds the 100 character limit, please shorten it!\n\nNote: This linter can be disabled with `set_option linter.style.longLine false`",
   "level": "warning"},
  {"message":
   "fast_verified_mul/schonhage_strassen_1.lean:1113:100: This line exceeds the 100 character limit, please shorten it!\n\nNote: This linter can be disabled with `set_option linter.style.longLine false`",
   "level": "warning"},
  {"message":
   "fast_verified_mul/schonhage_strassen_1.lean:1140:100: This line exceeds the 100 character limit, please shorten it!\n\nNote: This linter can be disabled with `set_option linter.style.longLine false`",
   "level": "warning"},
  {"message":
   "fast_verified_mul/schonhage_strassen_1.lean:1159:100: This line exceeds the 100 character limit, please shorten it!\n\nNote: This linter can be disabled with `set_option linter.style.longLine false`",
   "level": "warning"},
  {"message":
   "fast_verified_mul/schonhage_strassen_1.lean:1161:100: This line exceeds the 100 character limit, please shorten it!\n\nNote: This linter can be disabled with `set_option linter.style.longLine false`",
   "level": "warning"},
  {"message":
   "fast_verified_mul/schonhage_strassen_1.lean:1187:100: This line exceeds the 100 character limit, please shorten it!\n\nNote: This linter can be disabled with `set_option linter.style.longLine false`",
   "level": "warning"},
  {"message":
   "fast_verified_mul/schonhage_strassen_1.lean:1192:2: The `induction'` tactic is discouraged: please strongly consider using `induction` instead.\n\nNote: This linter can be disabled with `set_option linter.style.induction false`",
   "level": "warning"},
  {"message":
   "fast_verified_mul/schonhage_strassen_1.lean:1194:100: This line exceeds the 100 character limit, please shorten it!\n\nNote: This linter can be disabled with `set_option linter.style.longLine false`",
   "level": "warning"},
  {"message":
   "fast_verified_mul/schonhage_strassen_1.lean:1245:70: Try this:\n  [apply] ring_nf\n  \n  The `ring` tactic failed to close the goal. Use `ring_nf` to obtain a normal form.\n    \n  Note that `ring` works primarily in *commutative* rings. If you have a noncommutative ring, abelian group or module, consider using `noncomm_ring`, `abel` or `module` instead.",
   "level": "info"},
  {"message":
   "fast_verified_mul/schonhage_strassen_1.lean:1245:70: Try this:\n  [apply] ring_nf\n  \n  The `ring` tactic failed to close the goal. Use `ring_nf` to obtain a normal form.\n    \n  Note that `ring` works primarily in *commutative* rings. If you have a noncommutative ring, abelian group or module, consider using `noncomm_ring`, `abel` or `module` instead.",
   "level": "info"},
  {"message":
   "fast_verified_mul/schonhage_strassen_1.lean:1248:6: Try this:\n  [apply] ring_nf\n  \n  The `ring` tactic failed to close the goal. Use `ring_nf` to obtain a normal form.\n    \n  Note that `ring` works primarily in *commutative* rings. If you have a noncommutative ring, abelian group or module, consider using `noncomm_ring`, `abel` or `module` instead.",
   "level": "info"},
  {"message":
   "fast_verified_mul/schonhage_strassen_1.lean:1224:2: The following tactic starts with 2 goals and ends with 1 goal, 1 of which is not operated on.\n  exact if inv then (omega (2 ^ (k' + 1)))⁻¹ ^ i.val else omega (2 ^ (k' + 1)) ^ i.val\nPlease focus on the current goal, for instance using `·` (typed as \"\\.\").\n\nNote: This linter can be disabled with `set_option linter.style.multiGoal false`",
   "level": "warning"},
  {"message":
   "fast_verified_mul/schonhage_strassen_1.lean:1209:100: This line exceeds the 100 character limit, please shorten it!\n\nNote: This linter can be disabled with `set_option linter.style.longLine false`",
   "level": "warning"},
  {"message":
   "fast_verified_mul/schonhage_strassen_1.lean:1210:100: This line exceeds the 100 character limit, please shorten it!\n\nNote: This linter can be disabled with `set_option linter.style.longLine false`",
   "level": "warning"},
  {"message":
   "fast_verified_mul/schonhage_strassen_1.lean:1212:100: This line exceeds the 100 character limit, please shorten it!\n\nNote: This linter can be disabled with `set_option linter.style.longLine false`",
   "level": "warning"},
  {"message":
   "fast_verified_mul/schonhage_strassen_1.lean:1213:100: This line exceeds the 100 character limit, please shorten it!\n\nNote: This linter can be disabled with `set_option linter.style.longLine false`",
   "level": "warning"},
  {"message":
   "fast_verified_mul/schonhage_strassen_1.lean:1215:100: This line exceeds the 100 character limit, please shorten it!\n\nNote: This linter can be disabled with `set_option linter.style.longLine false`",
   "level": "warning"},
  {"message":
   "fast_verified_mul/schonhage_strassen_1.lean:1216:100: This line exceeds the 100 character limit, please shorten it!\n\nNote: This linter can be disabled with `set_option linter.style.longLine false`",
   "level": "warning"},
  {"message":
   "fast_verified_mul/schonhage_strassen_1.lean:1218:100: This line exceeds the 100 character limit, please shorten it!\n\nNote: This linter can be disabled with `set_option linter.style.longLine false`",
   "level": "warning"},
  {"message":
   "fast_verified_mul/schonhage_strassen_1.lean:1219:100: This line exceeds the 100 character limit, please shorten it!\n\nNote: This linter can be disabled with `set_option linter.style.longLine false`",
   "level": "warning"},
  {"message":
   "fast_verified_mul/schonhage_strassen_1.lean:1220:100: This line exceeds the 100 character limit, please shorten it!\n\nNote: This linter can be disabled with `set_option linter.style.longLine false`",
   "level": "warning"},
  {"message":
   "fast_verified_mul/schonhage_strassen_1.lean:1221:100: This line exceeds the 100 character limit, please shorten it!\n\nNote: This linter can be disabled with `set_option linter.style.longLine false`",
   "level": "warning"},
  {"message":
   "fast_verified_mul/schonhage_strassen_1.lean:1222:100: This line exceeds the 100 character limit, please shorten it!\n\nNote: This linter can be disabled with `set_option linter.style.longLine false`",
   "level": "warning"},
  {"message":
   "fast_verified_mul/schonhage_strassen_1.lean:1227:100: This line exceeds the 100 character limit, please shorten it!\n\nNote: This linter can be disabled with `set_option linter.style.longLine false`",
   "level": "warning"},
  {"message":
   "fast_verified_mul/schonhage_strassen_1.lean:1231:100: This line exceeds the 100 character limit, please shorten it!\n\nNote: This linter can be disabled with `set_option linter.style.longLine false`",
   "level": "warning"},
  {"message":
   "fast_verified_mul/schonhage_strassen_1.lean:1232:100: This line exceeds the 100 character limit, please shorten it!\n\nNote: This linter can be disabled with `set_option linter.style.longLine false`",
   "level": "warning"},
  {"message":
   "fast_verified_mul/schonhage_strassen_1.lean:1235:100: This line exceeds the 100 character limit, please shorten it!\n\nNote: This linter can be disabled with `set_option linter.style.longLine false`",
   "level": "warning"},
  {"message":
   "fast_verified_mul/schonhage_strassen_1.lean:1237:100: This line exceeds the 100 character limit, please shorten it!\n\nNote: This linter can be disabled with `set_option linter.style.longLine false`",
   "level": "warning"},
  {"message":
   "fast_verified_mul/schonhage_strassen_1.lean:1239:100: This line exceeds the 100 character limit, please shorten it!\n\nNote: This linter can be disabled with `set_option linter.style.longLine false`",
   "level": "warning"},
  {"message":
   "fast_verified_mul/schonhage_strassen_1.lean:1241:100: This line exceeds the 100 character limit, please shorten it!\n\nNote: This linter can be disabled with `set_option linter.style.longLine false`",
   "level": "warning"},
  {"message":
   "fast_verified_mul/schonhage_strassen_1.lean:1242:100: This line exceeds the 100 character limit, please shorten it!\n\nNote: This linter can be disabled with `set_option linter.style.longLine false`",
   "level": "warning"},
  {"message":
   "fast_verified_mul/schonhage_strassen_1.lean:1243:100: This line exceeds the 100 character limit, please shorten it!\n\nNote: This linter can be disabled with `set_option linter.style.longLine false`",
   "level": "warning"},
  {"message":
   "fast_verified_mul/schonhage_strassen_1.lean:1277:2: The following tactic starts with 21 goals and ends with 20 goals, 20 of which are not operated on.\n  exact (FPComplex.fft (Vector.ofFn fun j : Fin (2 ^ k') => x[2 * j.val]'(by omega)) inv).get ⟨i.val - 2 ^ k', by omega⟩\nPlease focus on the current goal, for instance using `·` (typed as \"\\.\").\n\nNote: This linter can be disabled with `set_option linter.style.multiGoal false`",
   "level": "warning"},
  {"message":
   "fast_verified_mul/schonhage_strassen_1.lean:1278:2: The following tactic starts with 20 goals and ends with 19 goals, 19 of which are not operated on.\n  exact\n    (FPComplex.fft (Vector.ofFn fun j : Fin (2 ^ k') => x[2 * j.val + 1]'(by omega)) inv).get ⟨i.val - 2 ^ k', by omega⟩\nPlease focus on the current goal, for instance using `·` (typed as \"\\.\").\n\nNote: This linter can be disabled with `set_option linter.style.multiGoal false`",
   "level": "warning"},
  {"message":
   "fast_verified_mul/schonhage_strassen_1.lean:1279:2: The following tactic starts with 19 goals and ends with 18 goals, 18 of which are not operated on.\n  exact (FPComplex.t_table (2 ^ k') inv P).get ⟨i.val - 2 ^ k', by omega⟩\nPlease focus on the current goal, for instance using `·` (typed as \"\\.\").\n\nNote: This linter can be disabled with `set_option linter.style.multiGoal false`",
   "level": "warning"},
  {"message":
   "fast_verified_mul/schonhage_strassen_1.lean:1280:2: The following tactic starts with 18 goals and ends with 17 goals, 17 of which are not operated on.\n  exact gen_dft (2 ^ k') (fun j => x_exact ⟨2 * j.val, by omega⟩) inv ⟨i.val - 2 ^ k', by omega⟩\nPlease focus on the current goal, for instance using `·` (typed as \"\\.\").\n\nNote: This linter can be disabled with `set_option linter.style.multiGoal false`",
   "level": "warning"},
  {"message":
   "fast_verified_mul/schonhage_strassen_1.lean:1281:2: The following tactic starts with 17 goals and ends with 16 goals, 16 of which are not operated on.\n  exact gen_dft (2 ^ k') (fun j => x_exact ⟨2 * j.val + 1, by omega⟩) inv ⟨i.val - 2 ^ k', by omega⟩\nPlease focus on the current goal, for instance using `·` (typed as \"\\.\").\n\nNote: This linter can be disabled with `set_option linter.style.multiGoal false`",
   "level": "warning"},
  {"message":
   "fast_verified_mul/schonhage_strassen_1.lean:1282:2: The following tactic starts with 16 goals and ends with 15 goals, 15 of which are not operated on.\n  exact (if inv then (omega (2 ^ (k' + 1)))⁻¹ else omega (2 ^ (k' + 1))) ^ (i.val - 2 ^ k')\nPlease focus on the current goal, for instance using `·` (typed as \"\\.\").\n\nNote: This linter can be disabled with `set_option linter.style.multiGoal false`",
   "level": "warning"},
  {"message":
   "fast_verified_mul/schonhage_strassen_1.lean:1283:2: The following tactic starts with 15 goals and ends with 14 goals, 14 of which are not operated on.\n  exact G_bound ε₀ M k'\nPlease focus on the current goal, for instance using `·` (typed as \"\\.\").\n\nNote: This linter can be disabled with `set_option linter.style.multiGoal false`",
   "level": "warning"},
  {"message":
   "fast_verified_mul/schonhage_strassen_1.lean:1284:2: The following tactic starts with 14 goals and ends with 13 goals, 13 of which are not operated on.\n  bv_omega\nPlease focus on the current goal, for instance using `·` (typed as \"\\.\").\n\nNote: This linter can be disabled with `set_option linter.style.multiGoal false`",
   "level": "warning"},
  {"message":
   "fast_verified_mul/schonhage_strassen_1.lean:1285:2: The following tactic starts with 13 goals and ends with 12 goals, 12 of which are not operated on.\n  exact G_bound_nonneg ε₀ M hε hM k'\nPlease focus on the current goal, for instance using `·` (typed as \"\\.\").\n\nNote: This linter can be disabled with `set_option linter.style.multiGoal false`",
   "level": "warning"},
  {"message":
   "fast_verified_mul/schonhage_strassen_1.lean:1286:2: The following tactic starts with 12 goals and ends with 11 goals, 11 of which are not operated on.\n  finiteness\nPlease focus on the current goal, for instance using `·` (typed as \"\\.\").\n\nNote: This linter can be disabled with `set_option linter.style.multiGoal false`",
   "level": "warning"},
  {"message":
   "fast_verified_mul/schonhage_strassen_1.lean:1287:2: The following tactic starts with 11 goals and ends with 10 goals, 10 of which are not operated on.\n  exact IH_E ⟨i - 2 ^ k', by omega⟩\nPlease focus on the current goal, for instance using `·` (typed as \"\\.\").\n\nNote: This linter can be disabled with `set_option linter.style.multiGoal false`",
   "level": "warning"},
  {"message":
   "fast_verified_mul/schonhage_strassen_1.lean:1288:2: The following tactic starts with 10 goals and ends with 9 goals, 9 of which are not operated on.\n  exact IH_E_im ⟨i - 2 ^ k', by omega⟩\nPlease focus on the current goal, for instance using `·` (typed as \"\\.\").\n\nNote: This linter can be disabled with `set_option linter.style.multiGoal false`",
   "level": "warning"},
  {"message":
   "fast_verified_mul/schonhage_strassen_1.lean:1289:2: The following tactic starts with 9 goals and ends with 8 goals, 8 of which are not operated on.\n  exact IH_O ⟨i - 2 ^ k', by omega⟩\nPlease focus on the current goal, for instance using `·` (typed as \"\\.\").\n\nNote: This linter can be disabled with `set_option linter.style.multiGoal false`",
   "level": "warning"},
  {"message":
   "fast_verified_mul/schonhage_strassen_1.lean:1290:2: The following tactic starts with 8 goals and ends with 7 goals, 7 of which are not operated on.\n  exact IH_O_im ⟨i - 2 ^ k', by omega⟩\nPlease focus on the current goal, for instance using `·` (typed as \"\\.\").\n\nNote: This linter can be disabled with `set_option linter.style.multiGoal false`",
   "level": "warning"},
  {"message":
   "fast_verified_mul/schonhage_strassen_1.lean:1291:2: The following tactic starts with 7 goals and ends with 7 goals, 6 of which are not operated on.\n  convert t_table_exact_value (2 ^ k') (i - 2 ^ k') (Nat.one_le_pow _ _ (by decide)) (by omega) inv P |>.1 using 1\nPlease focus on the current goal, for instance using `·` (typed as \"\\.\").\n\nNote: This linter can be disabled with `set_option linter.style.multiGoal false`",
   "level": "warning"},
  {"message":
   "fast_verified_mul/schonhage_strassen_1.lean:1292:2: The following tactic starts with 7 goals and ends with 6 goals, 6 of which are not operated on.\n  grind +splitImp\nPlease focus on the current goal, for instance using `·` (typed as \"\\.\").\n\nNote: This linter can be disabled with `set_option linter.style.multiGoal false`",
   "level": "warning"},
  {"message":
   "fast_verified_mul/schonhage_strassen_1.lean:1293:2: The following tactic starts with 6 goals and ends with 6 goals, 5 of which are not operated on.\n  convert t_table_exact_value (2 ^ k') (i - 2 ^ k') (Nat.one_le_pow _ _ (by decide)) (by omega) inv P |>.2 using 1\nPlease focus on the current goal, for instance using `·` (typed as \"\\.\").\n\nNote: This linter can be disabled with `set_option linter.style.multiGoal false`",
   "level": "warning"},
  {"message":
   "fast_verified_mul/schonhage_strassen_1.lean:1294:2: The following tactic starts with 6 goals and ends with 5 goals, 5 of which are not operated on.\n  grind +extAll\nPlease focus on the current goal, for instance using `·` (typed as \"\\.\").\n\nNote: This linter can be disabled with `set_option linter.style.multiGoal false`",
   "level": "warning"},
  {"message":
   "fast_verified_mul/schonhage_strassen_1.lean:1261:100: This line exceeds the 100 character limit, please shorten it!\n\nNote: This linter can be disabled with `set_option linter.style.longLine false`",
   "level": "warning"},
  {"message":
   "fast_verified_mul/schonhage_strassen_1.lean:1262:100: This line exceeds the 100 character limit, please shorten it!\n\nNote: This linter can be disabled with `set_option linter.style.longLine false`",
   "level": "warning"},
  {"message":
   "fast_verified_mul/schonhage_strassen_1.lean:1264:100: This line exceeds the 100 character limit, please shorten it!\n\nNote: This linter can be disabled with `set_option linter.style.longLine false`",
   "level": "warning"},
  {"message":
   "fast_verified_mul/schonhage_strassen_1.lean:1265:100: This line exceeds the 100 character limit, please shorten it!\n\nNote: This linter can be disabled with `set_option linter.style.longLine false`",
   "level": "warning"},
  {"message":
   "fast_verified_mul/schonhage_strassen_1.lean:1267:100: This line exceeds the 100 character limit, please shorten it!\n\nNote: This linter can be disabled with `set_option linter.style.longLine false`",
   "level": "warning"},
  {"message":
   "fast_verified_mul/schonhage_strassen_1.lean:1268:100: This line exceeds the 100 character limit, please shorten it!\n\nNote: This linter can be disabled with `set_option linter.style.longLine false`",
   "level": "warning"},
  {"message":
   "fast_verified_mul/schonhage_strassen_1.lean:1270:100: This line exceeds the 100 character limit, please shorten it!\n\nNote: This linter can be disabled with `set_option linter.style.longLine false`",
   "level": "warning"},
  {"message":
   "fast_verified_mul/schonhage_strassen_1.lean:1271:100: This line exceeds the 100 character limit, please shorten it!\n\nNote: This linter can be disabled with `set_option linter.style.longLine false`",
   "level": "warning"},
  {"message":
   "fast_verified_mul/schonhage_strassen_1.lean:1272:100: This line exceeds the 100 character limit, please shorten it!\n\nNote: This linter can be disabled with `set_option linter.style.longLine false`",
   "level": "warning"},
  {"message":
   "fast_verified_mul/schonhage_strassen_1.lean:1273:100: This line exceeds the 100 character limit, please shorten it!\n\nNote: This linter can be disabled with `set_option linter.style.longLine false`",
   "level": "warning"},
  {"message":
   "fast_verified_mul/schonhage_strassen_1.lean:1275:100: This line exceeds the 100 character limit, please shorten it!\n\nNote: This linter can be disabled with `set_option linter.style.longLine false`",
   "level": "warning"},
  {"message":
   "fast_verified_mul/schonhage_strassen_1.lean:1277:100: This line exceeds the 100 character limit, please shorten it!\n\nNote: This linter can be disabled with `set_option linter.style.longLine false`",
   "level": "warning"},
  {"message":
   "fast_verified_mul/schonhage_strassen_1.lean:1278:100: This line exceeds the 100 character limit, please shorten it!\n\nNote: This linter can be disabled with `set_option linter.style.longLine false`",
   "level": "warning"},
  {"message":
   "fast_verified_mul/schonhage_strassen_1.lean:1280:100: This line exceeds the 100 character limit, please shorten it!\n\nNote: This linter can be disabled with `set_option linter.style.longLine false`",
   "level": "warning"},
  {"message":
   "fast_verified_mul/schonhage_strassen_1.lean:1281:100: This line exceeds the 100 character limit, please shorten it!\n\nNote: This linter can be disabled with `set_option linter.style.longLine false`",
   "level": "warning"},
  {"message":
   "fast_verified_mul/schonhage_strassen_1.lean:1282:100: This line exceeds the 100 character limit, please shorten it!\n\nNote: This linter can be disabled with `set_option linter.style.longLine false`",
   "level": "warning"},
  {"message":
   "fast_verified_mul/schonhage_strassen_1.lean:1291:100: This line exceeds the 100 character limit, please shorten it!\n\nNote: This linter can be disabled with `set_option linter.style.longLine false`",
   "level": "warning"},
  {"message":
   "fast_verified_mul/schonhage_strassen_1.lean:1293:100: This line exceeds the 100 character limit, please shorten it!\n\nNote: This linter can be disabled with `set_option linter.style.longLine false`",
   "level": "warning"},
  {"message":
   "fast_verified_mul/schonhage_strassen_1.lean:1295:100: This line exceeds the 100 character limit, please shorten it!\n\nNote: This linter can be disabled with `set_option linter.style.longLine false`",
   "level": "warning"},
  {"message":
   "fast_verified_mul/schonhage_strassen_1.lean:1297:100: This line exceeds the 100 character limit, please shorten it!\n\nNote: This linter can be disabled with `set_option linter.style.longLine false`",
   "level": "warning"},
  {"message":
   "fast_verified_mul/schonhage_strassen_1.lean:1299:100: This line exceeds the 100 character limit, please shorten it!\n\nNote: This linter can be disabled with `set_option linter.style.longLine false`",
   "level": "warning"},
  {"message":
   "fast_verified_mul/schonhage_strassen_1.lean:1300:100: This line exceeds the 100 character limit, please shorten it!\n\nNote: This linter can be disabled with `set_option linter.style.longLine false`",
   "level": "warning"},
  {"message":
   "fast_verified_mul/schonhage_strassen_1.lean:1304:100: This line exceeds the 100 character limit, please shorten it!\n\nNote: This linter can be disabled with `set_option linter.style.longLine false`",
   "level": "warning"},
  {"message":
   "fast_verified_mul/schonhage_strassen_1.lean:1326:4: 'simp [FPComplex.fft, gen_dft]' is a flexible tactic modifying '⊢'. Try 'simp?' and use the suggested 'simp only [...]'. Alternatively, use `suffices` to explicitly state the simplified form.\n\nNote: This linter can be disabled with `set_option linter.flexible false`",
   "level": "warning"},
  {"message":
   "fast_verified_mul/schonhage_strassen_1.lean:1326:4: Try this:\n  [apply] simp only [Nat.pow_zero, Fin.zero_eta, Fin.isValue]",
   "level": "info"},
  {"message":
   "fast_verified_mul/schonhage_strassen_1.lean:1327:4: 'exact h_approx ⟨0, by omega⟩' uses '⊢'!",
   "level": "info"},
  {"message":
   "fast_verified_mul/schonhage_strassen_1.lean:1319:100: This line exceeds the 100 character limit, please shorten it!\n\nNote: This linter can be disabled with `set_option linter.style.longLine false`",
   "level": "warning"},
  {"message":
   "fast_verified_mul/schonhage_strassen_1.lean:1320:100: This line exceeds the 100 character limit, please shorten it!\n\nNote: This linter can be disabled with `set_option linter.style.longLine false`",
   "level": "warning"},
  {"message":
   "fast_verified_mul/schonhage_strassen_1.lean:1331:100: This line exceeds the 100 character limit, please shorten it!\n\nNote: This linter can be disabled with `set_option linter.style.longLine false`",
   "level": "warning"},
  {"message":
   "fast_verified_mul/schonhage_strassen_1.lean:1343:100: This line exceeds the 100 character limit, please shorten it!\n\nNote: This linter can be disabled with `set_option linter.style.longLine false`",
   "level": "warning"},
  {"message":
   "fast_verified_mul/schonhage_strassen_1.lean:1344:100: This line exceeds the 100 character limit, please shorten it!\n\nNote: This linter can be disabled with `set_option linter.style.longLine false`",
   "level": "warning"},
  {"message":
   "fast_verified_mul/schonhage_strassen_1.lean:1345:100: This line exceeds the 100 character limit, please shorten it!\n\nNote: This linter can be disabled with `set_option linter.style.longLine false`",
   "level": "warning"},
  {"message":
   "fast_verified_mul/schonhage_strassen_1.lean:1346:100: This line exceeds the 100 character limit, please shorten it!\n\nNote: This linter can be disabled with `set_option linter.style.longLine false`",
   "level": "warning"},
  {"message":
   "fast_verified_mul/schonhage_strassen_1.lean:1361:100: This line exceeds the 100 character limit, please shorten it!\n\nNote: This linter can be disabled with `set_option linter.style.longLine false`",
   "level": "warning"},
  {"message":
   "fast_verified_mul/schonhage_strassen_1.lean:1362:100: This line exceeds the 100 character limit, please shorten it!\n\nNote: This linter can be disabled with `set_option linter.style.longLine false`",
   "level": "warning"},
  {"message":
   "fast_verified_mul/schonhage_strassen_1.lean:1363:100: This line exceeds the 100 character limit, please shorten it!\n\nNote: This linter can be disabled with `set_option linter.style.longLine false`",
   "level": "warning"},
  {"message":
   "fast_verified_mul/schonhage_strassen_1.lean:1364:100: This line exceeds the 100 character limit, please shorten it!\n\nNote: This linter can be disabled with `set_option linter.style.longLine false`",
   "level": "warning"},
  {"message":
   "fast_verified_mul/schonhage_strassen_1.lean:1387:100: This line exceeds the 100 character limit, please shorten it!\n\nNote: This linter can be disabled with `set_option linter.style.longLine false`",
   "level": "warning"},
  {"message":
   "fast_verified_mul/schonhage_strassen_1.lean:1388:100: This line exceeds the 100 character limit, please shorten it!\n\nNote: This linter can be disabled with `set_option linter.style.longLine false`",
   "level": "warning"},
  {"message":
   "fast_verified_mul/schonhage_strassen_1.lean:1425:100: This line exceeds the 100 character limit, please shorten it!\n\nNote: This linter can be disabled with `set_option linter.style.longLine false`",
   "level": "warning"},
  {"message":
   "fast_verified_mul/schonhage_strassen_1.lean:1429:2: The `refine'` tactic is discouraged: please strongly consider using `refine` or `apply` instead.\n\nNote: This linter can be disabled with `set_option linter.style.refine false`",
   "level": "warning"},
  {"message":
   "fast_verified_mul/schonhage_strassen_1.lean:1430:100: This line exceeds the 100 character limit, please shorten it!\n\nNote: This linter can be disabled with `set_option linter.style.longLine false`",
   "level": "warning"},
  {"message":
   "fast_verified_mul/schonhage_strassen_1.lean:1450:100: This line exceeds the 100 character limit, please shorten it!\n\nNote: This linter can be disabled with `set_option linter.style.longLine false`",
   "level": "warning"},
  {"message":
   "fast_verified_mul/schonhage_strassen_1.lean:1456:100: This line exceeds the 100 character limit, please shorten it!\n\nNote: This linter can be disabled with `set_option linter.style.longLine false`",
   "level": "warning"},
  {"message":
   "fast_verified_mul/schonhage_strassen_1.lean:1458:46: unused variable `hK`\n\nNote: This linter can be disabled with `set_option linter.unusedVariables false`",
   "level": "warning"},
  {"message":
   "fast_verified_mul/schonhage_strassen_1.lean:1461:34: unused variable `hM`\n\nNote: This linter can be disabled with `set_option linter.unusedVariables false`",
   "level": "warning"},
  {"message":
   "fast_verified_mul/schonhage_strassen_1.lean:1481:47: unused variable `hP`\n\nNote: This linter can be disabled with `set_option linter.unusedVariables false`",
   "level": "warning"},
  {"message":
   "fast_verified_mul/schonhage_strassen_1.lean:1481:60: unused variable `hε`\n\nNote: This linter can be disabled with `set_option linter.unusedVariables false`",
   "level": "warning"},
  {"message":
   "fast_verified_mul/schonhage_strassen_1.lean:1485:100: This line exceeds the 100 character limit, please shorten it!\n\nNote: This linter can be disabled with `set_option linter.style.longLine false`",
   "level": "warning"},
  {"message":
   "fast_verified_mul/schonhage_strassen_1.lean:1488:100: This line exceeds the 100 character limit, please shorten it!\n\nNote: This linter can be disabled with `set_option linter.style.longLine false`",
   "level": "warning"},
  {"message":
   "fast_verified_mul/schonhage_strassen_1.lean:1528:2: The `refine'` tactic is discouraged: please strongly consider using `refine` or `apply` instead.\n\nNote: This linter can be disabled with `set_option linter.style.refine false`",
   "level": "warning"},
  {"message":
   "fast_verified_mul/schonhage_strassen_1.lean:1501:100: This line exceeds the 100 character limit, please shorten it!\n\nNote: This linter can be disabled with `set_option linter.style.longLine false`",
   "level": "warning"},
  {"message":
   "fast_verified_mul/schonhage_strassen_1.lean:1502:100: This line exceeds the 100 character limit, please shorten it!\n\nNote: This linter can be disabled with `set_option linter.style.longLine false`",
   "level": "warning"},
  {"message":
   "fast_verified_mul/schonhage_strassen_1.lean:1503:100: This line exceeds the 100 character limit, please shorten it!\n\nNote: This linter can be disabled with `set_option linter.style.longLine false`",
   "level": "warning"},
  {"message":
   "fast_verified_mul/schonhage_strassen_1.lean:1504:100: This line exceeds the 100 character limit, please shorten it!\n\nNote: This linter can be disabled with `set_option linter.style.longLine false`",
   "level": "warning"},
  {"message":
   "fast_verified_mul/schonhage_strassen_1.lean:1505:100: This line exceeds the 100 character limit, please shorten it!\n\nNote: This linter can be disabled with `set_option linter.style.longLine false`",
   "level": "warning"},
  {"message":
   "fast_verified_mul/schonhage_strassen_1.lean:1506:100: This line exceeds the 100 character limit, please shorten it!\n\nNote: This linter can be disabled with `set_option linter.style.longLine false`",
   "level": "warning"},
  {"message":
   "fast_verified_mul/schonhage_strassen_1.lean:1507:100: This line exceeds the 100 character limit, please shorten it!\n\nNote: This linter can be disabled with `set_option linter.style.longLine false`",
   "level": "warning"},
  {"message":
   "fast_verified_mul/schonhage_strassen_1.lean:1508:100: This line exceeds the 100 character limit, please shorten it!\n\nNote: This linter can be disabled with `set_option linter.style.longLine false`",
   "level": "warning"},
  {"message":
   "fast_verified_mul/schonhage_strassen_1.lean:1509:100: This line exceeds the 100 character limit, please shorten it!\n\nNote: This linter can be disabled with `set_option linter.style.longLine false`",
   "level": "warning"},
  {"message":
   "fast_verified_mul/schonhage_strassen_1.lean:1510:100: This line exceeds the 100 character limit, please shorten it!\n\nNote: This linter can be disabled with `set_option linter.style.longLine false`",
   "level": "warning"},
  {"message":
   "fast_verified_mul/schonhage_strassen_1.lean:1513:100: This line exceeds the 100 character limit, please shorten it!\n\nNote: This linter can be disabled with `set_option linter.style.longLine false`",
   "level": "warning"},
  {"message":
   "fast_verified_mul/schonhage_strassen_1.lean:1520:100: This line exceeds the 100 character limit, please shorten it!\n\nNote: This linter can be disabled with `set_option linter.style.longLine false`",
   "level": "warning"},
  {"message":
   "fast_verified_mul/schonhage_strassen_1.lean:1522:100: This line exceeds the 100 character limit, please shorten it!\n\nNote: This linter can be disabled with `set_option linter.style.longLine false`",
   "level": "warning"},
  {"message":
   "fast_verified_mul/schonhage_strassen_1.lean:1524:100: This line exceeds the 100 character limit, please shorten it!\n\nNote: This linter can be disabled with `set_option linter.style.longLine false`",
   "level": "warning"},
  {"message":
   "fast_verified_mul/schonhage_strassen_1.lean:1526:100: This line exceeds the 100 character limit, please shorten it!\n\nNote: This linter can be disabled with `set_option linter.style.longLine false`",
   "level": "warning"},
  {"message":
   "fast_verified_mul/schonhage_strassen_1.lean:1529:100: This line exceeds the 100 character limit, please shorten it!\n\nNote: This linter can be disabled with `set_option linter.style.longLine false`",
   "level": "warning"},
  {"message":
   "fast_verified_mul/schonhage_strassen_1.lean:1530:100: This line exceeds the 100 character limit, please shorten it!\n\nNote: This linter can be disabled with `set_option linter.style.longLine false`",
   "level": "warning"},
  {"message":
   "fast_verified_mul/schonhage_strassen_1.lean:1583:6: The `refine'` tactic is discouraged: please strongly consider using `refine` or `apply` instead.\n\nNote: This linter can be disabled with `set_option linter.style.refine false`",
   "level": "warning"},
  {"message":
   "fast_verified_mul/schonhage_strassen_1.lean:1599:8: The `refine'` tactic is discouraged: please strongly consider using `refine` or `apply` instead.\n\nNote: This linter can be disabled with `set_option linter.style.refine false`",
   "level": "warning"},
  {"message":
   "fast_verified_mul/schonhage_strassen_1.lean:1559:2: The following tactic starts with 6 goals and ends with 5 goals, 5 of which are not operated on.\n  exact\n    (FPComplex.fft (Vector.ofFn fun j : Fin (2 ^ k') => x[2 * j.val + 1]'(by omega)) inv).get ⟨i.val - 2 ^ k', by omega⟩\nPlease focus on the current goal, for instance using `·` (typed as \"\\.\").\n\nNote: This linter can be disabled with `set_option linter.style.multiGoal false`",
   "level": "warning"},
  {"message":
   "fast_verified_mul/schonhage_strassen_1.lean:1560:2: The following tactic starts with 5 goals and ends with 4 goals, 4 of which are not operated on.\n  exact (FPComplex.t_table (2 ^ k') inv P).get ⟨i.val - 2 ^ k', by omega⟩\nPlease focus on the current goal, for instance using `·` (typed as \"\\.\").\n\nNote: This linter can be disabled with `set_option linter.style.multiGoal false`",
   "level": "warning"},
  {"message":
   "fast_verified_mul/schonhage_strassen_1.lean:1561:2: The following tactic starts with 4 goals and ends with 3 goals, 3 of which are not operated on.\n  exact gen_dft (2 ^ k') (fun j => x_exact ⟨2 * j.val + 1, by omega⟩) inv ⟨i.val - 2 ^ k', by omega⟩\nPlease focus on the current goal, for instance using `·` (typed as \"\\.\").\n\nNote: This linter can be disabled with `set_option linter.style.multiGoal false`",
   "level": "warning"},
  {"message":
   "fast_verified_mul/schonhage_strassen_1.lean:1562:2: The following tactic starts with 3 goals and ends with 2 goals, 2 of which are not operated on.\n  exact (if inv then (omega (2 ^ (k' + 1)))⁻¹ else omega (2 ^ (k' + 1))) ^ (i.val - 2 ^ k')\nPlease focus on the current goal, for instance using `·` (typed as \"\\.\").\n\nNote: This linter can be disabled with `set_option linter.style.multiGoal false`",
   "level": "warning"},
  {"message":
   "fast_verified_mul/schonhage_strassen_1.lean:1568:6: The following tactic starts with 13 goals and ends with 12 goals, 12 of which are not operated on.\n  exact (FPComplex.fft (Vector.ofFn fun j : Fin (2 ^ k') => x[2 * j.val]) inv).get ⟨i.val - 2 ^ k', by omega⟩\nPlease focus on the current goal, for instance using `·` (typed as \"\\.\").\n\nNote: This linter can be disabled with `set_option linter.style.multiGoal false`",
   "level": "warning"},
  {"message":
   "fast_verified_mul/schonhage_strassen_1.lean:1569:6: The following tactic starts with 12 goals and ends with 11 goals, 11 of which are not operated on.\n  exact (FPComplex.fft (Vector.ofFn fun j : Fin (2 ^ k') => x[2 * j.val + 1]) inv).get ⟨i.val - 2 ^ k', by omega⟩\nPlease focus on the current goal, for instance using `·` (typed as \"\\.\").\n\nNote: This linter can be disabled with `set_option linter.style.multiGoal false`",
   "level": "warning"},
  {"message":
   "fast_verified_mul/schonhage_strassen_1.lean:1570:6: The following tactic starts with 11 goals and ends with 10 goals, 10 of which are not operated on.\n  exact (FPComplex.t_table (2 ^ k') inv P).get ⟨i.val - 2 ^ k', by omega⟩\nPlease focus on the current goal, for instance using `·` (typed as \"\\.\").\n\nNote: This linter can be disabled with `set_option linter.style.multiGoal false`",
   "level": "warning"},
  {"message":
   "fast_verified_mul/schonhage_strassen_1.lean:1571:6: The following tactic starts with 10 goals and ends with 9 goals, 9 of which are not operated on.\n  exact gen_dft (2 ^ k') (fun j => x_exact ⟨2 * j.val, by omega⟩) inv ⟨i.val - 2 ^ k', by omega⟩\nPlease focus on the current goal, for instance using `·` (typed as \"\\.\").\n\nNote: This linter can be disabled with `set_option linter.style.multiGoal false`",
   "level": "warning"},
  {"message":
   "fast_verified_mul/schonhage_strassen_1.lean:1572:6: The following tactic starts with 9 goals and ends with 8 goals, 8 of which are not operated on.\n  exact gen_dft (2 ^ k') (fun j => x_exact ⟨2 * j.val + 1, by omega⟩) inv ⟨i.val - 2 ^ k', by omega⟩\nPlease focus on the current goal, for instance using `·` (typed as \"\\.\").\n\nNote: This linter can be disabled with `set_option linter.style.multiGoal false`",
   "level": "warning"},
  {"message":
   "fast_verified_mul/schonhage_strassen_1.lean:1573:6: The following tactic starts with 8 goals and ends with 7 goals, 7 of which are not operated on.\n  exact (if inv then (omega (2 ^ (k' + 1)))⁻¹ else omega (2 ^ (k' + 1))) ^ (i.val - 2 ^ k')\nPlease focus on the current goal, for instance using `·` (typed as \"\\.\").\n\nNote: This linter can be disabled with `set_option linter.style.multiGoal false`",
   "level": "warning"},
  {"message":
   "fast_verified_mul/schonhage_strassen_1.lean:1574:6: The following tactic starts with 7 goals and ends with 6 goals, 6 of which are not operated on.\n  exact G_npc ε₀ M P k'\nPlease focus on the current goal, for instance using `·` (typed as \"\\.\").\n\nNote: This linter can be disabled with `set_option linter.style.multiGoal false`",
   "level": "warning"},
  {"message":
   "fast_verified_mul/schonhage_strassen_1.lean:1575:6: The following tactic starts with 6 goals and ends with 5 goals, 5 of which are not operated on.\n  exact M\nPlease focus on the current goal, for instance using `·` (typed as \"\\.\").\n\nNote: This linter can be disabled with `set_option linter.style.multiGoal false`",
   "level": "warning"},
  {"message":
   "fast_verified_mul/schonhage_strassen_1.lean:1545:100: This line exceeds the 100 character limit, please shorten it!\n\nNote: This linter can be disabled with `set_option linter.style.longLine false`",
   "level": "warning"},
  {"message":
   "fast_verified_mul/schonhage_strassen_1.lean:1546:100: This line exceeds the 100 character limit, please shorten it!\n\nNote: This linter can be disabled with `set_option linter.style.longLine false`",
   "level": "warning"},
  {"message":
   "fast_verified_mul/schonhage_strassen_1.lean:1547:100: This line exceeds the 100 character limit, please shorten it!\n\nNote: This linter can be disabled with `set_option linter.style.longLine false`",
   "level": "warning"},
  {"message":
   "fast_verified_mul/schonhage_strassen_1.lean:1548:100: This line exceeds the 100 character limit, please shorten it!\n\nNote: This linter can be disabled with `set_option linter.style.longLine false`",
   "level": "warning"},
  {"message":
   "fast_verified_mul/schonhage_strassen_1.lean:1549:100: This line exceeds the 100 character limit, please shorten it!\n\nNote: This linter can be disabled with `set_option linter.style.longLine false`",
   "level": "warning"},
  {"message":
   "fast_verified_mul/schonhage_strassen_1.lean:1550:100: This line exceeds the 100 character limit, please shorten it!\n\nNote: This linter can be disabled with `set_option linter.style.longLine false`",
   "level": "warning"},
  {"message":
   "fast_verified_mul/schonhage_strassen_1.lean:1551:100: This line exceeds the 100 character limit, please shorten it!\n\nNote: This linter can be disabled with `set_option linter.style.longLine false`",
   "level": "warning"},
  {"message":
   "fast_verified_mul/schonhage_strassen_1.lean:1552:100: This line exceeds the 100 character limit, please shorten it!\n\nNote: This linter can be disabled with `set_option linter.style.longLine false`",
   "level": "warning"},
  {"message":
   "fast_verified_mul/schonhage_strassen_1.lean:1553:100: This line exceeds the 100 character limit, please shorten it!\n\nNote: This linter can be disabled with `set_option linter.style.longLine false`",
   "level": "warning"},
  {"message":
   "fast_verified_mul/schonhage_strassen_1.lean:1554:100: This line exceeds the 100 character limit, please shorten it!\n\nNote: This linter can be disabled with `set_option linter.style.longLine false`",
   "level": "warning"},
  {"message":
   "fast_verified_mul/schonhage_strassen_1.lean:1555:100: This line exceeds the 100 character limit, please shorten it!\n\nNote: This linter can be disabled with `set_option linter.style.longLine false`",
   "level": "warning"},
  {"message":
   "fast_verified_mul/schonhage_strassen_1.lean:1559:100: This line exceeds the 100 character limit, please shorten it!\n\nNote: This linter can be disabled with `set_option linter.style.longLine false`",
   "level": "warning"},
  {"message":
   "fast_verified_mul/schonhage_strassen_1.lean:1561:100: This line exceeds the 100 character limit, please shorten it!\n\nNote: This linter can be disabled with `set_option linter.style.longLine false`",
   "level": "warning"},
  {"message":
   "fast_verified_mul/schonhage_strassen_1.lean:1562:100: This line exceeds the 100 character limit, please shorten it!\n\nNote: This linter can be disabled with `set_option linter.style.longLine false`",
   "level": "warning"},
  {"message":
   "fast_verified_mul/schonhage_strassen_1.lean:1566:100: This line exceeds the 100 character limit, please shorten it!\n\nNote: This linter can be disabled with `set_option linter.style.longLine false`",
   "level": "warning"},
  {"message":
   "fast_verified_mul/schonhage_strassen_1.lean:1568:100: This line exceeds the 100 character limit, please shorten it!\n\nNote: This linter can be disabled with `set_option linter.style.longLine false`",
   "level": "warning"},
  {"message":
   "fast_verified_mul/schonhage_strassen_1.lean:1569:100: This line exceeds the 100 character limit, please shorten it!\n\nNote: This linter can be disabled with `set_option linter.style.longLine false`",
   "level": "warning"},
  {"message":
   "fast_verified_mul/schonhage_strassen_1.lean:1571:100: This line exceeds the 100 character limit, please shorten it!\n\nNote: This linter can be disabled with `set_option linter.style.longLine false`",
   "level": "warning"},
  {"message":
   "fast_verified_mul/schonhage_strassen_1.lean:1572:100: This line exceeds the 100 character limit, please shorten it!\n\nNote: This linter can be disabled with `set_option linter.style.longLine false`",
   "level": "warning"},
  {"message":
   "fast_verified_mul/schonhage_strassen_1.lean:1573:100: This line exceeds the 100 character limit, please shorten it!\n\nNote: This linter can be disabled with `set_option linter.style.longLine false`",
   "level": "warning"},
  {"message":
   "fast_verified_mul/schonhage_strassen_1.lean:1584:100: This line exceeds the 100 character limit, please shorten it!\n\nNote: This linter can be disabled with `set_option linter.style.longLine false`",
   "level": "warning"},
  {"message":
   "fast_verified_mul/schonhage_strassen_1.lean:1586:100: This line exceeds the 100 character limit, please shorten it!\n\nNote: This linter can be disabled with `set_option linter.style.longLine false`",
   "level": "warning"},
  {"message":
   "fast_verified_mul/schonhage_strassen_1.lean:1588:100: This line exceeds the 100 character limit, please shorten it!\n\nNote: This linter can be disabled with `set_option linter.style.longLine false`",
   "level": "warning"},
  {"message":
   "fast_verified_mul/schonhage_strassen_1.lean:1592:100: This line exceeds the 100 character limit, please shorten it!\n\nNote: This linter can be disabled with `set_option linter.style.longLine false`",
   "level": "warning"},
  {"message":
   "fast_verified_mul/schonhage_strassen_1.lean:1593:100: This line exceeds the 100 character limit, please shorten it!\n\nNote: This linter can be disabled with `set_option linter.style.longLine false`",
   "level": "warning"},
  {"message":
   "fast_verified_mul/schonhage_strassen_1.lean:1600:100: This line exceeds the 100 character limit, please shorten it!\n\nNote: This linter can be disabled with `set_option linter.style.longLine false`",
   "level": "warning"},
  {"message":
   "fast_verified_mul/schonhage_strassen_1.lean:1601:100: This line exceeds the 100 character limit, please shorten it!\n\nNote: This linter can be disabled with `set_option linter.style.longLine false`",
   "level": "warning"},
  {"message":
   "fast_verified_mul/schonhage_strassen_1.lean:1606:100: This line exceeds the 100 character limit, please shorten it!\n\nNote: This linter can be disabled with `set_option linter.style.longLine false`",
   "level": "warning"},
  {"message":
   "fast_verified_mul/schonhage_strassen_1.lean:1615:100: This line exceeds the 100 character limit, please shorten it!\n\nNote: This linter can be disabled with `set_option linter.style.longLine false`",
   "level": "warning"},
  {"message":
   "fast_verified_mul/schonhage_strassen_1.lean:1616:100: This line exceeds the 100 character limit, please shorten it!\n\nNote: This linter can be disabled with `set_option linter.style.longLine false`",
   "level": "warning"},
  {"message":
   "fast_verified_mul/schonhage_strassen_1.lean:1617:100: This line exceeds the 100 character limit, please shorten it!\n\nNote: This linter can be disabled with `set_option linter.style.longLine false`",
   "level": "warning"},
  {"message":
   "fast_verified_mul/schonhage_strassen_1.lean:1618:100: This line exceeds the 100 character limit, please shorten it!\n\nNote: This linter can be disabled with `set_option linter.style.longLine false`",
   "level": "warning"},
  {"message":
   "fast_verified_mul/schonhage_strassen_1.lean:1620:100: This line exceeds the 100 character limit, please shorten it!\n\nNote: This linter can be disabled with `set_option linter.style.longLine false`",
   "level": "warning"},
  {"message":
   "fast_verified_mul/schonhage_strassen_1.lean:1621:100: This line exceeds the 100 character limit, please shorten it!\n\nNote: This linter can be disabled with `set_option linter.style.longLine false`",
   "level": "warning"},
  {"message":
   "fast_verified_mul/schonhage_strassen_1.lean:1622:100: This line exceeds the 100 character limit, please shorten it!\n\nNote: This linter can be disabled with `set_option linter.style.longLine false`",
   "level": "warning"},
  {"message":
   "fast_verified_mul/schonhage_strassen_1.lean:1623:100: This line exceeds the 100 character limit, please shorten it!\n\nNote: This linter can be disabled with `set_option linter.style.longLine false`",
   "level": "warning"},
  {"message":
   "fast_verified_mul/schonhage_strassen_1.lean:1625:100: This line exceeds the 100 character limit, please shorten it!\n\nNote: This linter can be disabled with `set_option linter.style.longLine false`",
   "level": "warning"},
  {"message":
   "fast_verified_mul/schonhage_strassen_1.lean:1626:100: This line exceeds the 100 character limit, please shorten it!\n\nNote: This linter can be disabled with `set_option linter.style.longLine false`",
   "level": "warning"},
  {"message":
   "fast_verified_mul/schonhage_strassen_1.lean:1651:4: The `induction'` tactic is discouraged: please strongly consider using `induction` instead.\n\nNote: This linter can be disabled with `set_option linter.style.induction false`",
   "level": "warning"},
  {"message":
   "fast_verified_mul/schonhage_strassen_1.lean:1652:6: 'simp_all +decide [ Fin.eq_zero, G_npc ]' is a flexible tactic modifying '⊢'. Try 'simp_all?' and use the suggested 'simp_all only [...]'. Alternatively, use `suffices` to explicitly state the simplified form.\n\nNote: This linter can be disabled with `set_option linter.flexible false`",
   "level": "warning"},
  {"message":
   "fast_verified_mul/schonhage_strassen_1.lean:1652:6: Try this:\n  [apply] simp_all +decide only [Nat.pow_zero, Fin.forall_fin_one, Fin.isValue]",
   "level": "info"},
  {"message":
   "fast_verified_mul/schonhage_strassen_1.lean:1653:6: 'unfold gen_dft' uses '⊢'!",
   "level": "info"},
  {"message":
   "fast_verified_mul/schonhage_strassen_1.lean:1652:6: 'simp_all +decide [ Fin.eq_zero, G_npc ]' is a flexible tactic modifying '⊢'. Try 'simp_all?' and use the suggested 'simp_all only [...]'. Alternatively, use `suffices` to explicitly state the simplified form.\n\nNote: This linter can be disabled with `set_option linter.flexible false`",
   "level": "warning"},
  {"message":
   "fast_verified_mul/schonhage_strassen_1.lean:1652:6: Try this:\n  [apply] simp_all +decide only [Nat.pow_zero, Fin.forall_fin_one, Fin.isValue]",
   "level": "info"},
  {"message":
   "fast_verified_mul/schonhage_strassen_1.lean:1653:67: 'linarith!' uses '⊢'!",
   "level": "info"},
  {"message":
   "fast_verified_mul/schonhage_strassen_1.lean:1652:6: 'simp_all +decide [ Fin.eq_zero, G_npc ]' is a flexible tactic modifying '⊢'. Try 'simp_all?' and use the suggested 'simp_all only [...]'. Alternatively, use `suffices` to explicitly state the simplified form.\n\nNote: This linter can be disabled with `set_option linter.flexible false`",
   "level": "warning"},
  {"message":
   "fast_verified_mul/schonhage_strassen_1.lean:1652:6: Try this:\n  [apply] simp_all +decide only [Nat.pow_zero, Fin.forall_fin_one, Fin.isValue]",
   "level": "info"},
  {"message":
   "fast_verified_mul/schonhage_strassen_1.lean:1653:67: 'linarith!' uses '⊢'!",
   "level": "info"},
  {"message":
   "fast_verified_mul/schonhage_strassen_1.lean:1646:100: This line exceeds the 100 character limit, please shorten it!\n\nNote: This linter can be disabled with `set_option linter.style.longLine false`",
   "level": "warning"},
  {"message":
   "fast_verified_mul/schonhage_strassen_1.lean:1647:100: This line exceeds the 100 character limit, please shorten it!\n\nNote: This linter can be disabled with `set_option linter.style.longLine false`",
   "level": "warning"},
  {"message":
   "fast_verified_mul/schonhage_strassen_1.lean:1649:100: This line exceeds the 100 character limit, please shorten it!\n\nNote: This linter can be disabled with `set_option linter.style.longLine false`",
   "level": "warning"},
  {"message":
   "fast_verified_mul/schonhage_strassen_1.lean:1656:100: This line exceeds the 100 character limit, please shorten it!\n\nNote: This linter can be disabled with `set_option linter.style.longLine false`",
   "level": "warning"},
  {"message":
   "fast_verified_mul/schonhage_strassen_1.lean:1661:100: This line exceeds the 100 character limit, please shorten it!\n\nNote: This linter can be disabled with `set_option linter.style.longLine false`",
   "level": "warning"},
  {"message":
   "fast_verified_mul/schonhage_strassen_1.lean:1673:2: The `induction'` tactic is discouraged: please strongly consider using `induction` instead.\n\nNote: This linter can be disabled with `set_option linter.style.induction false`",
   "level": "warning"},
  {"message":
   "fast_verified_mul/schonhage_strassen_1.lean:1677:100: This line exceeds the 100 character limit, please shorten it!\n\nNote: This linter can be disabled with `set_option linter.style.longLine false`",
   "level": "warning"},
  {"message":
   "fast_verified_mul/schonhage_strassen_1.lean:1683:100: This line exceeds the 100 character limit, please shorten it!\n\nNote: This linter can be disabled with `set_option linter.style.longLine false`",
   "level": "warning"},
  {"message":
   "fast_verified_mul/schonhage_strassen_1.lean:1685:100: This line exceeds the 100 character limit, please shorten it!\n\nNote: This linter can be disabled with `set_option linter.style.longLine false`",
   "level": "warning"},
  {"message":
   "fast_verified_mul/schonhage_strassen_1.lean:1700:2: The `refine'` tactic is discouraged: please strongly consider using `refine` or `apply` instead.\n\nNote: This linter can be disabled with `set_option linter.style.refine false`",
   "level": "warning"},
  {"message":
   "fast_verified_mul/schonhage_strassen_1.lean:1704:100: This line exceeds the 100 character limit, please shorten it!\n\nNote: This linter can be disabled with `set_option linter.style.longLine false`",
   "level": "warning"},
  {"message":
   "fast_verified_mul/schonhage_strassen_1.lean:1729:71: Try this:\n  [apply] ring_nf\n  \n  The `ring` tactic failed to close the goal. Use `ring_nf` to obtain a normal form.\n    \n  Note that `ring` works primarily in *commutative* rings. If you have a noncommutative ring, abelian group or module, consider using `noncomm_ring`, `abel` or `module` instead.",
   "level": "info"},
  {"message":
   "fast_verified_mul/schonhage_strassen_1.lean:1728:59: This simp argument is unused:\n  mul_assoc\n\nHint: Omit it from the simp argument list.\n  simp_all +decide [̵ ̵p̵o̵w̵_̵s̵u̵c̵c̵,̵ ̵m̵u̵l̵_̵a̵s̵s̵o̵c̵ ̵]̵[̲p̲o̲w̲_̲s̲u̲c̲c̲]̲\n\nNote: This linter can be disabled with `set_option linter.unusedSimpArgs false`",
   "level": "warning"},
  {"message":
   "fast_verified_mul/schonhage_strassen_1.lean:1728:30: 'simp_all +decide [ pow_succ, mul_assoc ]' is a flexible tactic modifying '⊢'. Try 'simp_all?' and use the suggested 'simp_all only [...]'. Alternatively, use `suffices` to explicitly state the simplified form.\n\nNote: This linter can be disabled with `set_option linter.flexible false`",
   "level": "warning"},
  {"message":
   "fast_verified_mul/schonhage_strassen_1.lean:1729:2: 'unfold FPComplex.shr_round' uses '⊢'!",
   "level": "info"},
  {"message":
   "fast_verified_mul/schonhage_strassen_1.lean:1728:30: 'simp_all +decide [ pow_succ, mul_assoc ]' is a flexible tactic modifying '⊢'. Try 'simp_all?' and use the suggested 'simp_all only [...]'. Alternatively, use `suffices` to explicitly state the simplified form.\n\nNote: This linter can be disabled with `set_option linter.flexible false`",
   "level": "warning"},
  {"message":
   "fast_verified_mul/schonhage_strassen_1.lean:1730:2: 'exact\n  Int.le_antisymm (Int.le_of_lt_add_one <| Int.ediv_lt_of_lt_mul (by positivity) <| by linarith)\n    (Int.le_ediv_of_mul_le (by positivity) <| by linarith)' uses '⊢'!",
   "level": "info"},
  {"message":
   "fast_verified_mul/schonhage_strassen_1.lean:1730:100: This line exceeds the 100 character limit, please shorten it!\n\nNote: This linter can be disabled with `set_option linter.style.longLine false`",
   "level": "warning"},
  {"message":
   "fast_verified_mul/schonhage_strassen_1.lean:1747:100: This line exceeds the 100 character limit, please shorten it!\n\nNote: This linter can be disabled with `set_option linter.style.longLine false`",
   "level": "warning"},
  {"message":
   "fast_verified_mul/schonhage_strassen_1.lean:1781:100: This line exceeds the 100 character limit, please shorten it!\n\nNote: This linter can be disabled with `set_option linter.style.longLine false`",
   "level": "warning"},
  {"message":
   "fast_verified_mul/schonhage_strassen_1.lean:1787:100: This line exceeds the 100 character limit, please shorten it!\n\nNote: This linter can be disabled with `set_option linter.style.longLine false`",
   "level": "warning"},
  {"message":
   "fast_verified_mul/schonhage_strassen_1.lean:1801:100: This line exceeds the 100 character limit, please shorten it!\n\nNote: This linter can be disabled with `set_option linter.style.longLine false`",
   "level": "warning"},
  {"message":
   "fast_verified_mul/schonhage_strassen_1.lean:1802:100: This line exceeds the 100 character limit, please shorten it!\n\nNote: This linter can be disabled with `set_option linter.style.longLine false`",
   "level": "warning"},
  {"message":
   "fast_verified_mul/schonhage_strassen_1.lean:1803:100: This line exceeds the 100 character limit, please shorten it!\n\nNote: This linter can be disabled with `set_option linter.style.longLine false`",
   "level": "warning"},
  {"message":
   "fast_verified_mul/schonhage_strassen_1.lean:1807:100: This line exceeds the 100 character limit, please shorten it!\n\nNote: This linter can be disabled with `set_option linter.style.longLine false`",
   "level": "warning"},
  {"message":
   "fast_verified_mul/schonhage_strassen_1.lean:1814:39: unused variable `hK`\n\nNote: This linter can be disabled with `set_option linter.unusedVariables false`",
   "level": "warning"},
  {"message":
   "fast_verified_mul/schonhage_strassen_1.lean:1815:13: unused variable `hM`\n\nNote: This linter can be disabled with `set_option linter.unusedVariables false`",
   "level": "warning"},
  {"message":
   "fast_verified_mul/schonhage_strassen_1.lean:1820:2: The `refine'` tactic is discouraged: please strongly consider using `refine` or `apply` instead.\n\nNote: This linter can be disabled with `set_option linter.style.refine false`",
   "level": "warning"},
  {"message":
   "fast_verified_mul/schonhage_strassen_1.lean:1824:27: 'simp_all +decide [ Complex.norm_def, Complex.normSq ]' is a flexible tactic modifying '⊢'. Try 'simp_all?' and use the suggested 'simp_all only [...]'. Alternatively, use `suffices` to explicitly state the simplified form.\n\nNote: This linter can be disabled with `set_option linter.flexible false`",
   "level": "warning"},
  {"message":
   "fast_verified_mul/schonhage_strassen_1.lean:1824:27: Try this:\n  [apply] simp_all +decide only [Complex.norm_mul, norm_inv, norm_pow]",
   "level": "info"},
  {"message":
   "fast_verified_mul/schonhage_strassen_1.lean:1827:6: 'rw [Real.sqrt_sq_eq_abs]' uses '⊢'!",
   "level": "info"},
  {"message":
   "fast_verified_mul/schonhage_strassen_1.lean:1824:27: 'simp_all +decide [ Complex.norm_def, Complex.normSq ]' is a flexible tactic modifying '⊢'. Try 'simp_all?' and use the suggested 'simp_all only [...]'. Alternatively, use `suffices` to explicitly state the simplified form.\n\nNote: This linter can be disabled with `set_option linter.flexible false`",
   "level": "warning"},
  {"message":
   "fast_verified_mul/schonhage_strassen_1.lean:1824:27: Try this:\n  [apply] simp_all +decide only [Complex.norm_mul, norm_inv, norm_pow]",
   "level": "info"},
  {"message":
   "fast_verified_mul/schonhage_strassen_1.lean:1827:35: 'exact hx_re j' uses '⊢'!",
   "level": "info"},
  {"message":
   "fast_verified_mul/schonhage_strassen_1.lean:1824:27: 'simp_all +decide [ Complex.norm_def, Complex.normSq ]' is a flexible tactic modifying '⊢'. Try 'simp_all?' and use the suggested 'simp_all only [...]'. Alternatively, use `suffices` to explicitly state the simplified form.\n\nNote: This linter can be disabled with `set_option linter.flexible false`",
   "level": "warning"},
  {"message":
   "fast_verified_mul/schonhage_strassen_1.lean:1824:27: Try this:\n  [apply] simp_all +decide only [Complex.norm_mul, norm_pow]",
   "level": "info"},
  {"message":
   "fast_verified_mul/schonhage_strassen_1.lean:1830:6: 'exact hx_re j' uses '⊢'!",
   "level": "info"},
  {"message":
   "fast_verified_mul/schonhage_strassen_1.lean:1836:20: unused variable `hMb`\n\nNote: This linter can be disabled with `set_option linter.unusedVariables false`",
   "level": "warning"},
  {"message":
   "fast_verified_mul/schonhage_strassen_1.lean:1839:100: This line exceeds the 100 character limit, please shorten it!\n\nNote: This linter can be disabled with `set_option linter.style.longLine false`",
   "level": "warning"},
  {"message":
   "fast_verified_mul/schonhage_strassen_1.lean:1858:100: This line exceeds the 100 character limit, please shorten it!\n\nNote: This linter can be disabled with `set_option linter.style.longLine false`",
   "level": "warning"},
  {"message":
   "fast_verified_mul/schonhage_strassen_1.lean:1859:100: This line exceeds the 100 character limit, please shorten it!\n\nNote: This linter can be disabled with `set_option linter.style.longLine false`",
   "level": "warning"},
  {"message":
   "fast_verified_mul/schonhage_strassen_1.lean:1861:100: This line exceeds the 100 character limit, please shorten it!\n\nNote: This linter can be disabled with `set_option linter.style.longLine false`",
   "level": "warning"},
  {"message":
   "fast_verified_mul/schonhage_strassen_1.lean:1862:100: This line exceeds the 100 character limit, please shorten it!\n\nNote: This linter can be disabled with `set_option linter.style.longLine false`",
   "level": "warning"},
  {"message":
   "fast_verified_mul/schonhage_strassen_1.lean:1871:100: This line exceeds the 100 character limit, please shorten it!\n\nNote: This linter can be disabled with `set_option linter.style.longLine false`",
   "level": "warning"},
  {"message":
   "fast_verified_mul/schonhage_strassen_1.lean:1873:100: This line exceeds the 100 character limit, please shorten it!\n\nNote: This linter can be disabled with `set_option linter.style.longLine false`",
   "level": "warning"},
  {"message":
   "fast_verified_mul/schonhage_strassen_1.lean:1875:100: This line exceeds the 100 character limit, please shorten it!\n\nNote: This linter can be disabled with `set_option linter.style.longLine false`",
   "level": "warning"},
  {"message":
   "fast_verified_mul/schonhage_strassen_1.lean:1878:100: This line exceeds the 100 character limit, please shorten it!\n\nNote: This linter can be disabled with `set_option linter.style.longLine false`",
   "level": "warning"},
  {"message":
   "fast_verified_mul/schonhage_strassen_1.lean:1879:100: This line exceeds the 100 character limit, please shorten it!\n\nNote: This linter can be disabled with `set_option linter.style.longLine false`",
   "level": "warning"},
  {"message":
   "fast_verified_mul/schonhage_strassen_1.lean:1881:100: This line exceeds the 100 character limit, please shorten it!\n\nNote: This linter can be disabled with `set_option linter.style.longLine false`",
   "level": "warning"},
  {"message":
   "fast_verified_mul/schonhage_strassen_1.lean:1883:100: This line exceeds the 100 character limit, please shorten it!\n\nNote: This linter can be disabled with `set_option linter.style.longLine false`",
   "level": "warning"},
  {"message":
   "fast_verified_mul/schonhage_strassen_1.lean:1885:100: This line exceeds the 100 character limit, please shorten it!\n\nNote: This linter can be disabled with `set_option linter.style.longLine false`",
   "level": "warning"},
  {"message":
   "fast_verified_mul/schonhage_strassen_1.lean:1886:100: This line exceeds the 100 character limit, please shorten it!\n\nNote: This linter can be disabled with `set_option linter.style.longLine false`",
   "level": "warning"},
  {"message":
   "fast_verified_mul/schonhage_strassen_1.lean:1892:41: unused variable `hn`\n\nNote: This linter can be disabled with `set_option linter.unusedVariables false`",
   "level": "warning"},
  {"message":
   "fast_verified_mul/schonhage_strassen_1.lean:1892:54: unused variable `hl`\n\nNote: This linter can be disabled with `set_option linter.unusedVariables false`",
   "level": "warning"},
  {"message":
   "fast_verified_mul/schonhage_strassen_1.lean:1906:100: This line exceeds the 100 character limit, please shorten it!\n\nNote: This linter can be disabled with `set_option linter.style.longLine false`",
   "level": "warning"},
  {"message":
   "fast_verified_mul/schonhage_strassen_1.lean:1909:100: This line exceeds the 100 character limit, please shorten it!\n\nNote: This linter can be disabled with `set_option linter.style.longLine false`",
   "level": "warning"},
  {"message":
   "fast_verified_mul/schonhage_strassen_1.lean:1964:6: The following tactic starts with 2 goals and ends with 2 goals, 1 of which is not operated on.\n  generalize_proofs at *\nPlease focus on the current goal, for instance using `·` (typed as \"\\.\").\n\nNote: This linter can be disabled with `set_option linter.style.multiGoal false`",
   "level": "warning"},
  {"message":
   "fast_verified_mul/schonhage_strassen_1.lean:1949:100: This line exceeds the 100 character limit, please shorten it!\n\nNote: This linter can be disabled with `set_option linter.style.longLine false`",
   "level": "warning"},
  {"message":
   "fast_verified_mul/schonhage_strassen_1.lean:1953:100: This line exceeds the 100 character limit, please shorten it!\n\nNote: This linter can be disabled with `set_option linter.style.longLine false`",
   "level": "warning"},
  {"message":
   "fast_verified_mul/schonhage_strassen_1.lean:1956:100: This line exceeds the 100 character limit, please shorten it!\n\nNote: This linter can be disabled with `set_option linter.style.longLine false`",
   "level": "warning"},
  {"message":
   "fast_verified_mul/schonhage_strassen_1.lean:1984:100: This line exceeds the 100 character limit, please shorten it!\n\nNote: This linter can be disabled with `set_option linter.style.longLine false`",
   "level": "warning"},
  {"message":
   "fast_verified_mul/schonhage_strassen_1.lean:2007:100: This line exceeds the 100 character limit, please shorten it!\n\nNote: This linter can be disabled with `set_option linter.style.longLine false`",
   "level": "warning"},
  {"message":
   "fast_verified_mul/schonhage_strassen_1.lean:2047:30: 'simp_all +decide [ Int.shiftRight_eq_div_pow ]' is a flexible tactic modifying '⊢'. Try 'simp_all?' and use the suggested 'simp_all only [...]'. Alternatively, use `suffices` to explicitly state the simplified form.\n\nNote: This linter can be disabled with `set_option linter.flexible false`",
   "level": "warning"},
  {"message":
   "fast_verified_mul/schonhage_strassen_1.lean:2047:30: Try this:\n  [apply] simp_all +decide only [Nat.add_eq_zero_iff, one_ne_zero, and_false, ↓reduceIte, add_tsub_cancel_right]",
   "level": "info"},
  {"message":
   "fast_verified_mul/schonhage_strassen_1.lean:2048:2: 'rw [← Int.ofNat_le]' uses '⊢'!",
   "level": "info"},
  {"message":
   "fast_verified_mul/schonhage_strassen_1.lean:2047:30: 'simp_all +decide [ Int.shiftRight_eq_div_pow ]' is a flexible tactic modifying '⊢'. Try 'simp_all?' and use the suggested 'simp_all only [...]'. Alternatively, use `suffices` to explicitly state the simplified form.\n\nNote: This linter can be disabled with `set_option linter.flexible false`",
   "level": "warning"},
  {"message":
   "fast_verified_mul/schonhage_strassen_1.lean:2047:30: Try this:\n  [apply] simp_all +decide only [Nat.add_eq_zero_iff, one_ne_zero, and_false, ↓reduceIte, add_tsub_cancel_right]",
   "level": "info"},
  {"message":
   "fast_verified_mul/schonhage_strassen_1.lean:2049:2: 'rw [abs_le]' uses '⊢'!",
   "level": "info"},
  {"message":
   "fast_verified_mul/schonhage_strassen_1.lean:2050:100: This line exceeds the 100 character limit, please shorten it!\n\nNote: This linter can be disabled with `set_option linter.style.longLine false`",
   "level": "warning"},
  {"message":
   "fast_verified_mul/schonhage_strassen_1.lean:2062:18: The `refine'` tactic is discouraged: please strongly consider using `refine` or `apply` instead.\n\nNote: This linter can be disabled with `set_option linter.style.refine false`",
   "level": "warning"},
  {"message":
   "fast_verified_mul/schonhage_strassen_1.lean:2063:4: The `refine'` tactic is discouraged: please strongly consider using `refine` or `apply` instead.\n\nNote: This linter can be disabled with `set_option linter.style.refine false`",
   "level": "warning"},
  {"message":
   "fast_verified_mul/schonhage_strassen_1.lean:2067:4: The `refine'` tactic is discouraged: please strongly consider using `refine` or `apply` instead.\n\nNote: This linter can be disabled with `set_option linter.style.refine false`",
   "level": "warning"},
  {"message":
   "fast_verified_mul/schonhage_strassen_1.lean:2064:4: The following tactic starts with 3 goals and ends with 2 goals, 2 of which are not operated on.\n  exact 2 * (2 ^ P + 1) * B\nPlease focus on the current goal, for instance using `·` (typed as \"\\.\").\n\nNote: This linter can be disabled with `set_option linter.style.multiGoal false`",
   "level": "warning"},
  {"message":
   "fast_verified_mul/schonhage_strassen_1.lean:2065:100: This line exceeds the 100 character limit, please shorten it!\n\nNote: This linter can be disabled with `set_option linter.style.longLine false`",
   "level": "warning"},
  {"message":
   "fast_verified_mul/schonhage_strassen_1.lean:2066:100: This line exceeds the 100 character limit, please shorten it!\n\nNote: This linter can be disabled with `set_option linter.style.longLine false`",
   "level": "warning"},
  {"message":
   "fast_verified_mul/schonhage_strassen_1.lean:2069:100: This line exceeds the 100 character limit, please shorten it!\n\nNote: This linter can be disabled with `set_option linter.style.longLine false`",
   "level": "warning"},
  {"message":
   "fast_verified_mul/schonhage_strassen_1.lean:2080:2: 'simp [t_table]' is a flexible tactic modifying '⊢'. Try 'simp?' and use the suggested 'simp only [...]'. Alternatively, use `suffices` to explicitly state the simplified form.\n\nNote: This linter can be disabled with `set_option linter.flexible false`",
   "level": "warning"},
  {"message":
   "fast_verified_mul/schonhage_strassen_1.lean:2081:2: 'exact\n  ⟨by simpa [← Int.ofNat_le] using twiddle_re_bound j (2 * K_pred) inv P, by\n    simpa [← Int.ofNat_le] using twiddle_im_bound j (2 * K_pred) inv P⟩' uses '⊢'!",
   "level": "info"},
  {"message":
   "fast_verified_mul/schonhage_strassen_1.lean:2081:100: This line exceeds the 100 character limit, please shorten it!\n\nNote: This linter can be disabled with `set_option linter.style.longLine false`",
   "level": "warning"},
  {"message":
   "fast_verified_mul/schonhage_strassen_1.lean:2102:4: The `induction'` tactic is discouraged: please strongly consider using `induction` instead.\n\nNote: This linter can be disabled with `set_option linter.style.induction false`",
   "level": "warning"},
  {"message":
   "fast_verified_mul/schonhage_strassen_1.lean:2109:10: The `refine'` tactic is discouraged: please strongly consider using `refine` or `apply` instead.\n\nNote: This linter can be disabled with `set_option linter.style.refine false`",
   "level": "warning"},
  {"message":
   "fast_verified_mul/schonhage_strassen_1.lean:2110:10: The `refine'` tactic is discouraged: please strongly consider using `refine` or `apply` instead.\n\nNote: This linter can be disabled with `set_option linter.style.refine false`",
   "level": "warning"},
  {"message":
   "fast_verified_mul/schonhage_strassen_1.lean:2112:12: The `refine'` tactic is discouraged: please strongly consider using `refine` or `apply` instead.\n\nNote: This linter can be disabled with `set_option linter.style.refine false`",
   "level": "warning"},
  {"message":
   "fast_verified_mul/schonhage_strassen_1.lean:2115:12: The `refine'` tactic is discouraged: please strongly consider using `refine` or `apply` instead.\n\nNote: This linter can be disabled with `set_option linter.style.refine false`",
   "level": "warning"},
  {"message":
   "fast_verified_mul/schonhage_strassen_1.lean:2119:14: The `refine'` tactic is discouraged: please strongly consider using `refine` or `apply` instead.\n\nNote: This linter can be disabled with `set_option linter.style.refine false`",
   "level": "warning"},
  {"message":
   "fast_verified_mul/schonhage_strassen_1.lean:2126:12: The `refine'` tactic is discouraged: please strongly consider using `refine` or `apply` instead.\n\nNote: This linter can be disabled with `set_option linter.style.refine false`",
   "level": "warning"},
  {"message":
   "fast_verified_mul/schonhage_strassen_1.lean:2127:12: The `refine'` tactic is discouraged: please strongly consider using `refine` or `apply` instead.\n\nNote: This linter can be disabled with `set_option linter.style.refine false`",
   "level": "warning"},
  {"message":
   "fast_verified_mul/schonhage_strassen_1.lean:2131:14: The `refine'` tactic is discouraged: please strongly consider using `refine` or `apply` instead.\n\nNote: This linter can be disabled with `set_option linter.style.refine false`",
   "level": "warning"},
  {"message":
   "fast_verified_mul/schonhage_strassen_1.lean:2134:16: The `refine'` tactic is discouraged: please strongly consider using `refine` or `apply` instead.\n\nNote: This linter can be disabled with `set_option linter.style.refine false`",
   "level": "warning"},
  {"message":
   "fast_verified_mul/schonhage_strassen_1.lean:2144:8: The `refine'` tactic is discouraged: please strongly consider using `refine` or `apply` instead.\n\nNote: This linter can be disabled with `set_option linter.style.refine false`",
   "level": "warning"},
  {"message":
   "fast_verified_mul/schonhage_strassen_1.lean:2145:10: The `refine'` tactic is discouraged: please strongly consider using `refine` or `apply` instead.\n\nNote: This linter can be disabled with `set_option linter.style.refine false`",
   "level": "warning"},
  {"message":
   "fast_verified_mul/schonhage_strassen_1.lean:2146:10: The `refine'` tactic is discouraged: please strongly consider using `refine` or `apply` instead.\n\nNote: This linter can be disabled with `set_option linter.style.refine false`",
   "level": "warning"},
  {"message":
   "fast_verified_mul/schonhage_strassen_1.lean:2152:12: The `refine'` tactic is discouraged: please strongly consider using `refine` or `apply` instead.\n\nNote: This linter can be disabled with `set_option linter.style.refine false`",
   "level": "warning"},
  {"message":
   "fast_verified_mul/schonhage_strassen_1.lean:2161:10: The `refine'` tactic is discouraged: please strongly consider using `refine` or `apply` instead.\n\nNote: This linter can be disabled with `set_option linter.style.refine false`",
   "level": "warning"},
  {"message":
   "fast_verified_mul/schonhage_strassen_1.lean:2162:10: The `refine'` tactic is discouraged: please strongly consider using `refine` or `apply` instead.\n\nNote: This linter can be disabled with `set_option linter.style.refine false`",
   "level": "warning"},
  {"message":
   "fast_verified_mul/schonhage_strassen_1.lean:2168:12: The `refine'` tactic is discouraged: please strongly consider using `refine` or `apply` instead.\n\nNote: This linter can be disabled with `set_option linter.style.refine false`",
   "level": "warning"},
  {"message":
   "fast_verified_mul/schonhage_strassen_1.lean:2103:6: 'simp +zetaDelta at *' is a flexible tactic modifying '*'. Try 'simp?' and use the suggested 'simp only [...]'. Alternatively, use `suffices` to explicitly state the simplified form.\n\nNote: This linter can be disabled with `set_option linter.flexible false`",
   "level": "warning"},
  {"message":
   "fast_verified_mul/schonhage_strassen_1.lean:2103:6: Try this:\n  [apply] simp +zetaDelta only [Nat.pow_zero, Fin.forall_fin_one, Fin.isValue, pow_zero, one_mul, add_tsub_cancel_right,\n    and_imp, Bool.forall_bool] at *",
   "level": "info"},
  {"message":
   "fast_verified_mul/schonhage_strassen_1.lean:2104:6: 'intro x' uses '*'!",
   "level": "info"},
  {"message":
   "fast_verified_mul/schonhage_strassen_1.lean:2103:6: 'simp +zetaDelta at *' is a flexible tactic modifying '*'. Try 'simp?' and use the suggested 'simp only [...]'. Alternatively, use `suffices` to explicitly state the simplified form.\n\nNote: This linter can be disabled with `set_option linter.flexible false`",
   "level": "warning"},
  {"message":
   "fast_verified_mul/schonhage_strassen_1.lean:2103:6: Try this:\n  [apply] simp +zetaDelta only [Nat.pow_zero, Fin.forall_fin_one, Fin.isValue, pow_zero, one_mul, add_tsub_cancel_right,\n    and_imp, Bool.forall_bool] at *",
   "level": "info"},
  {"message":
   "fast_verified_mul/schonhage_strassen_1.lean:2104:6: 'intro x' uses '*'!",
   "level": "info"},
  {"message":
   "fast_verified_mul/schonhage_strassen_1.lean:2103:6: 'simp +zetaDelta at *' is a flexible tactic modifying '*'. Try 'simp?' and use the suggested 'simp only [...]'. Alternatively, use `suffices` to explicitly state the simplified form.\n\nNote: This linter can be disabled with `set_option linter.flexible false`",
   "level": "warning"},
  {"message":
   "fast_verified_mul/schonhage_strassen_1.lean:2103:6: Try this:\n  [apply] simp +zetaDelta only [Nat.pow_zero, Fin.forall_fin_one, Fin.isValue, pow_zero, one_mul, add_tsub_cancel_right,\n    and_imp, Bool.forall_bool] at *",
   "level": "info"},
  {"message":
   "fast_verified_mul/schonhage_strassen_1.lean:2104:15: 'exact ⟨fun M hM₁ hM₂ => ⟨hM₁, hM₂⟩, fun M hM₁ hM₂ => ⟨hM₁, hM₂⟩⟩' uses '*'!",
   "level": "info"},
  {"message":
   "fast_verified_mul/schonhage_strassen_1.lean:2103:6: 'simp +zetaDelta at *' is a flexible tactic modifying '*'. Try 'simp?' and use the suggested 'simp only [...]'. Alternatively, use `suffices` to explicitly state the simplified form.\n\nNote: This linter can be disabled with `set_option linter.flexible false`",
   "level": "warning"},
  {"message":
   "fast_verified_mul/schonhage_strassen_1.lean:2103:6: Try this:\n  [apply] simp +zetaDelta only [Nat.pow_zero, Fin.forall_fin_one, Fin.isValue, pow_zero, one_mul, add_tsub_cancel_right,\n    and_imp, Bool.forall_bool] at *",
   "level": "info"},
  {"message":
   "fast_verified_mul/schonhage_strassen_1.lean:2104:15: 'exact ⟨fun M hM₁ hM₂ => ⟨hM₁, hM₂⟩, fun M hM₁ hM₂ => ⟨hM₁, hM₂⟩⟩' uses '*'!",
   "level": "info"},
  {"message":
   "fast_verified_mul/schonhage_strassen_1.lean:2113:12: 'simp +decide [ Vector.get ]' is a flexible tactic modifying '⊢'. Try 'simp?' and use the suggested 'simp only [...]'. Alternatively, use `suffices` to explicitly state the simplified form.\n\nNote: This linter can be disabled with `set_option linter.flexible false`",
   "level": "warning"},
  {"message":
   "fast_verified_mul/schonhage_strassen_1.lean:2113:12: Try this:\n  [apply] simp +decide only [Vector.get_ofFn]",
   "level": "info"},
  {"message":
   "fast_verified_mul/schonhage_strassen_1.lean:2114:12: 'exact fun j => hM ⟨2 * j, by linarith [Fin.is_lt j, pow_succ' 2 k]⟩' uses '⊢'!",
   "level": "info"},
  {"message":
   "fast_verified_mul/schonhage_strassen_1.lean:2120:14: 'simp +decide [ Vector.get ]' is a flexible tactic modifying '⊢'. Try 'simp?' and use the suggested 'simp only [...]'. Alternatively, use `suffices` to explicitly state the simplified form.\n\nNote: This linter can be disabled with `set_option linter.flexible false`",
   "level": "warning"},
  {"message":
   "fast_verified_mul/schonhage_strassen_1.lean:2120:14: Try this:\n  [apply] simp +decide only [Vector.get_ofFn]",
   "level": "info"},
  {"message":
   "fast_verified_mul/schonhage_strassen_1.lean:2121:14: 'exact fun j => hM ⟨2 * j + 1, by linarith [Fin.is_lt j, pow_succ' 2 k]⟩' uses '⊢'!",
   "level": "info"},
  {"message":
   "fast_verified_mul/schonhage_strassen_1.lean:2123:14: 'simp +decide [ Vector.get ]' is a flexible tactic modifying '⊢'. Try 'simp?' and use the suggested 'simp only [...]'. Alternatively, use `suffices` to explicitly state the simplified form.\n\nNote: This linter can be disabled with `set_option linter.flexible false`",
   "level": "warning"},
  {"message":
   "fast_verified_mul/schonhage_strassen_1.lean:2123:14: Try this:\n  [apply] simp +decide only [Vector.get_ofFn]",
   "level": "info"},
  {"message":
   "fast_verified_mul/schonhage_strassen_1.lean:2124:14: 'exact fun j => hM ⟨2 * j + 1, by linarith [Fin.is_lt j, pow_succ' 2 k]⟩' uses '⊢'!",
   "level": "info"},
  {"message":
   "fast_verified_mul/schonhage_strassen_1.lean:2129:14: 'simp +decide [ Vector.get ]' is a flexible tactic modifying '⊢'. Try 'simp?' and use the suggested 'simp only [...]'. Alternatively, use `suffices` to explicitly state the simplified form.\n\nNote: This linter can be disabled with `set_option linter.flexible false`",
   "level": "warning"},
  {"message":
   "fast_verified_mul/schonhage_strassen_1.lean:2129:14: Try this:\n  [apply] simp +decide only [Vector.get_ofFn]",
   "level": "info"},
  {"message":
   "fast_verified_mul/schonhage_strassen_1.lean:2130:14: 'exact fun j => hM ⟨2 * j, by linarith [Fin.is_lt j, pow_succ' 2 k]⟩' uses '⊢'!",
   "level": "info"},
  {"message":
   "fast_verified_mul/schonhage_strassen_1.lean:2135:16: 'simp +decide [ Vector.get ]' is a flexible tactic modifying '⊢'. Try 'simp?' and use the suggested 'simp only [...]'. Alternatively, use `suffices` to explicitly state the simplified form.\n\nNote: This linter can be disabled with `set_option linter.flexible false`",
   "level": "warning"},
  {"message":
   "fast_verified_mul/schonhage_strassen_1.lean:2135:16: Try this:\n  [apply] simp +decide only [Vector.get_ofFn]",
   "level": "info"},
  {"message":
   "fast_verified_mul/schonhage_strassen_1.lean:2136:16: 'exact fun j => hM ⟨2 * j + 1, by linarith [Fin.is_lt j, pow_succ' 2 k]⟩' uses '⊢'!",
   "level": "info"},
  {"message":
   "fast_verified_mul/schonhage_strassen_1.lean:2138:16: 'simp +decide [ Vector.get ]' is a flexible tactic modifying '⊢'. Try 'simp?' and use the suggested 'simp only [...]'. Alternatively, use `suffices` to explicitly state the simplified form.\n\nNote: This linter can be disabled with `set_option linter.flexible false`",
   "level": "warning"},
  {"message":
   "fast_verified_mul/schonhage_strassen_1.lean:2138:16: Try this:\n  [apply] simp +decide only [Vector.get_ofFn]",
   "level": "info"},
  {"message":
   "fast_verified_mul/schonhage_strassen_1.lean:2139:16: 'exact fun j => hM ⟨2 * j + 1, by linarith [Fin.is_lt j, pow_succ' 2 k]⟩' uses '⊢'!",
   "level": "info"},
  {"message":
   "fast_verified_mul/schonhage_strassen_1.lean:2153:12: 'simp +decide [ Vector.get ]' is a flexible tactic modifying '⊢'. Try 'simp?' and use the suggested 'simp only [...]'. Alternatively, use `suffices` to explicitly state the simplified form.\n\nNote: This linter can be disabled with `set_option linter.flexible false`",
   "level": "warning"},
  {"message":
   "fast_verified_mul/schonhage_strassen_1.lean:2153:12: Try this:\n  [apply] simp +decide only [Vector.get_ofFn]",
   "level": "info"},
  {"message":
   "fast_verified_mul/schonhage_strassen_1.lean:2154:12: 'exact fun j => hM ⟨2 * j + 1, by linarith [Fin.is_lt j, pow_succ' 2 k]⟩' uses '⊢'!",
   "level": "info"},
  {"message":
   "fast_verified_mul/schonhage_strassen_1.lean:2156:12: 'simp +decide [ Vector.get ]' is a flexible tactic modifying '⊢'. Try 'simp?' and use the suggested 'simp only [...]'. Alternatively, use `suffices` to explicitly state the simplified form.\n\nNote: This linter can be disabled with `set_option linter.flexible false`",
   "level": "warning"},
  {"message":
   "fast_verified_mul/schonhage_strassen_1.lean:2156:12: Try this:\n  [apply] simp +decide only [Vector.get_ofFn]",
   "level": "info"},
  {"message":
   "fast_verified_mul/schonhage_strassen_1.lean:2157:12: 'exact fun j => hM ⟨2 * j + 1, by linarith [Fin.is_lt j, pow_succ' 2 k]⟩' uses '⊢'!",
   "level": "info"},
  {"message":
   "fast_verified_mul/schonhage_strassen_1.lean:2159:12: 'simp +decide [ Vector.get ]' is a flexible tactic modifying '⊢'. Try 'simp?' and use the suggested 'simp only [...]'. Alternatively, use `suffices` to explicitly state the simplified form.\n\nNote: This linter can be disabled with `set_option linter.flexible false`",
   "level": "warning"},
  {"message":
   "fast_verified_mul/schonhage_strassen_1.lean:2159:12: Try this:\n  [apply] simp +decide only [Vector.get_ofFn]",
   "level": "info"},
  {"message":
   "fast_verified_mul/schonhage_strassen_1.lean:2160:12: 'exact fun j => hM ⟨2 * j, by linarith [Fin.is_lt j, pow_succ' 2 k]⟩' uses '⊢'!",
   "level": "info"},
  {"message":
   "fast_verified_mul/schonhage_strassen_1.lean:2169:12: 'simp +decide [ Vector.get ]' is a flexible tactic modifying '⊢'. Try 'simp?' and use the suggested 'simp only [...]'. Alternatively, use `suffices` to explicitly state the simplified form.\n\nNote: This linter can be disabled with `set_option linter.flexible false`",
   "level": "warning"},
  {"message":
   "fast_verified_mul/schonhage_strassen_1.lean:2169:12: Try this:\n  [apply] simp +decide only [Vector.get_ofFn]",
   "level": "info"},
  {"message":
   "fast_verified_mul/schonhage_strassen_1.lean:2170:12: 'exact fun j => hM ⟨2 * j + 1, by linarith [Fin.is_lt j, pow_succ' 2 k]⟩' uses '⊢'!",
   "level": "info"},
  {"message":
   "fast_verified_mul/schonhage_strassen_1.lean:2172:12: 'simp +decide [ Vector.get ]' is a flexible tactic modifying '⊢'. Try 'simp?' and use the suggested 'simp only [...]'. Alternatively, use `suffices` to explicitly state the simplified form.\n\nNote: This linter can be disabled with `set_option linter.flexible false`",
   "level": "warning"},
  {"message":
   "fast_verified_mul/schonhage_strassen_1.lean:2172:12: Try this:\n  [apply] simp +decide only [Vector.get_ofFn]",
   "level": "info"},
  {"message":
   "fast_verified_mul/schonhage_strassen_1.lean:2173:12: 'exact fun j => hM ⟨2 * j + 1, by linarith [Fin.is_lt j, pow_succ' 2 k]⟩' uses '⊢'!",
   "level": "info"},
  {"message":
   "fast_verified_mul/schonhage_strassen_1.lean:2175:12: 'simp +decide [ Vector.get ]' is a flexible tactic modifying '⊢'. Try 'simp?' and use the suggested 'simp only [...]'. Alternatively, use `suffices` to explicitly state the simplified form.\n\nNote: This linter can be disabled with `set_option linter.flexible false`",
   "level": "warning"},
  {"message":
   "fast_verified_mul/schonhage_strassen_1.lean:2175:12: Try this:\n  [apply] simp +decide only [Vector.get_ofFn]",
   "level": "info"},
  {"message":
   "fast_verified_mul/schonhage_strassen_1.lean:2176:12: 'exact fun j => hM ⟨2 * j, by linarith [Fin.is_lt j, pow_succ' 2 k]⟩' uses '⊢'!",
   "level": "info"},
  {"message":
   "fast_verified_mul/schonhage_strassen_1.lean:2109:10: The following tactic starts with 2 goals and ends with 3 goals, 1 of which is not operated on.\n  refine' ⟨_, _⟩\nPlease focus on the current goal, for instance using `·` (typed as \"\\.\").\n\nNote: This linter can be disabled with `set_option linter.style.multiGoal false`",
   "level": "warning"},
  {"message":
   "fast_verified_mul/schonhage_strassen_1.lean:2110:10: The following tactic starts with 3 goals and ends with 4 goals, 2 of which are not operated on.\n  refine' le_trans (cadd_natAbs_re_le _ _) (add_le_add _ _)\nPlease focus on the current goal, for instance using `·` (typed as \"\\.\").\n\nNote: This linter can be disabled with `set_option linter.style.multiGoal false`",
   "level": "warning"},
  {"message":
   "fast_verified_mul/schonhage_strassen_1.lean:2116:12: The following tactic starts with 6 goals and ends with 5 goals, 5 of which are not operated on.\n  exact 4 ^ k * (M + 1) - 1\nPlease focus on the current goal, for instance using `·` (typed as \"\\.\").\n\nNote: This linter can be disabled with `set_option linter.style.multiGoal false`",
   "level": "warning"},
  {"message":
   "fast_verified_mul/schonhage_strassen_1.lean:2143:8: The following tactic starts with 2 goals and ends with 1 goal, 1 of which is not operated on.\n  lia\nPlease focus on the current goal, for instance using `·` (typed as \"\\.\").\n\nNote: This linter can be disabled with `set_option linter.style.multiGoal false`",
   "level": "warning"},
  {"message":
   "fast_verified_mul/schonhage_strassen_1.lean:2147:10: The following tactic starts with 8 goals and ends with 7 goals, 7 of which are not operated on.\n  exact M\nPlease focus on the current goal, for instance using `·` (typed as \"\\.\").\n\nNote: This linter can be disabled with `set_option linter.style.multiGoal false`",
   "level": "warning"},
  {"message":
   "fast_verified_mul/schonhage_strassen_1.lean:2149:10: The following tactic starts with 7 goals and ends with 6 goals, 6 of which are not operated on.\n  exact 4 ^ k * (M + 1) - 1\nPlease focus on the current goal, for instance using `·` (typed as \"\\.\").\n\nNote: This linter can be disabled with `set_option linter.style.multiGoal false`",
   "level": "warning"},
  {"message":
   "fast_verified_mul/schonhage_strassen_1.lean:2150:10: The following tactic starts with 6 goals and ends with 5 goals, 5 of which are not operated on.\n  exact t_table_bound _ _ _ _ |>.1\nPlease focus on the current goal, for instance using `·` (typed as \"\\.\").\n\nNote: This linter can be disabled with `set_option linter.style.multiGoal false`",
   "level": "warning"},
  {"message":
   "fast_verified_mul/schonhage_strassen_1.lean:2163:10: The following tactic starts with 8 goals and ends with 7 goals, 7 of which are not operated on.\n  exact M\nPlease focus on the current goal, for instance using `·` (typed as \"\\.\").\n\nNote: This linter can be disabled with `set_option linter.style.multiGoal false`",
   "level": "warning"},
  {"message":
   "fast_verified_mul/schonhage_strassen_1.lean:2165:10: The following tactic starts with 7 goals and ends with 6 goals, 6 of which are not operated on.\n  exact 4 ^ k * (M + 1) - 1\nPlease focus on the current goal, for instance using `·` (typed as \"\\.\").\n\nNote: This linter can be disabled with `set_option linter.style.multiGoal false`",
   "level": "warning"},
  {"message":
   "fast_verified_mul/schonhage_strassen_1.lean:2166:10: The following tactic starts with 6 goals and ends with 5 goals, 5 of which are not operated on.\n  exact t_table_bound _ _ _ _ |>.1\nPlease focus on the current goal, for instance using `·` (typed as \"\\.\").\n\nNote: This linter can be disabled with `set_option linter.style.multiGoal false`",
   "level": "warning"},
  {"message":
   "fast_verified_mul/schonhage_strassen_1.lean:2100:100: This line exceeds the 100 character limit, please shorten it!\n\nNote: This linter can be disabled with `set_option linter.style.longLine false`",
   "level": "warning"},
  {"message":
   "fast_verified_mul/schonhage_strassen_1.lean:2107:100: This line exceeds the 100 character limit, please shorten it!\n\nNote: This linter can be disabled with `set_option linter.style.longLine false`",
   "level": "warning"},
  {"message":
   "fast_verified_mul/schonhage_strassen_1.lean:2140:100: This line exceeds the 100 character limit, please shorten it!\n\nNote: This linter can be disabled with `set_option linter.style.longLine false`",
   "level": "warning"},
  {"message":
   "fast_verified_mul/schonhage_strassen_1.lean:2146:100: This line exceeds the 100 character limit, please shorten it!\n\nNote: This linter can be disabled with `set_option linter.style.longLine false`",
   "level": "warning"},
  {"message":
   "fast_verified_mul/schonhage_strassen_1.lean:2162:100: This line exceeds the 100 character limit, please shorten it!\n\nNote: This linter can be disabled with `set_option linter.style.longLine false`",
   "level": "warning"},
  {"message":
   "fast_verified_mul/schonhage_strassen_1.lean:2203:4: 'simp +zetaDelta at *' is a flexible tactic modifying '*'. Try 'simp?' and use the suggested 'simp only [...]'. Alternatively, use `suffices` to explicitly state the simplified form.\n\nNote: This linter can be disabled with `set_option linter.flexible false`",
   "level": "warning"},
  {"message":
   "fast_verified_mul/schonhage_strassen_1.lean:2204:4: 'unfold FPComplex.ofInt' uses '*'!",
   "level": "info"},
  {"message":
   "fast_verified_mul/schonhage_strassen_1.lean:2203:4: 'simp +zetaDelta at *' is a flexible tactic modifying '*'. Try 'simp?' and use the suggested 'simp only [...]'. Alternatively, use `suffices` to explicitly state the simplified form.\n\nNote: This linter can be disabled with `set_option linter.flexible false`",
   "level": "warning"},
  {"message":
   "fast_verified_mul/schonhage_strassen_1.lean:2205:4: 'exact\n  Nat.le_sub_one_of_lt\n    (by\n      linarith [abs_of_nonneg\n          (show 0 ≤ decompose_digit x l (2 ^ n) i from decompose_digit_nonneg x l (2 ^ n) i)])' uses '*'!",
   "level": "info"},
  {"message":
   "fast_verified_mul/schonhage_strassen_1.lean:2203:4: 'simp +zetaDelta at *' is a flexible tactic modifying '*'. Try 'simp?' and use the suggested 'simp only [...]'. Alternatively, use `suffices` to explicitly state the simplified form.\n\nNote: This linter can be disabled with `set_option linter.flexible false`",
   "level": "warning"},
  {"message":
   "fast_verified_mul/schonhage_strassen_1.lean:2205:4: 'exact\n  Nat.le_sub_one_of_lt\n    (by\n      linarith [abs_of_nonneg\n          (show 0 ≤ decompose_digit x l (2 ^ n) i from decompose_digit_nonneg x l (2 ^ n) i)])' uses '*'!",
   "level": "info"},
  {"message":
   "fast_verified_mul/schonhage_strassen_1.lean:2203:4: 'simp +zetaDelta at *' is a flexible tactic modifying '*'. Try 'simp?' and use the suggested 'simp only [...]'. Alternatively, use `suffices` to explicitly state the simplified form.\n\nNote: This linter can be disabled with `set_option linter.flexible false`",
   "level": "warning"},
  {"message":
   "fast_verified_mul/schonhage_strassen_1.lean:2205:4: 'exact\n  Nat.le_sub_one_of_lt\n    (by\n      linarith [abs_of_nonneg\n          (show 0 ≤ decompose_digit x l (2 ^ n) i from decompose_digit_nonneg x l (2 ^ n) i)])' uses '*'!",
   "level": "info"},
  {"message":
   "fast_verified_mul/schonhage_strassen_1.lean:2203:4: 'simp +zetaDelta at *' is a flexible tactic modifying '*'. Try 'simp?' and use the suggested 'simp only [...]'. Alternatively, use `suffices` to explicitly state the simplified form.\n\nNote: This linter can be disabled with `set_option linter.flexible false`",
   "level": "warning"},
  {"message":
   "fast_verified_mul/schonhage_strassen_1.lean:2205:4: 'exact\n  Nat.le_sub_one_of_lt\n    (by\n      linarith [abs_of_nonneg\n          (show 0 ≤ decompose_digit x l (2 ^ n) i from decompose_digit_nonneg x l (2 ^ n) i)])' uses '*'!",
   "level": "info"},
  {"message":
   "fast_verified_mul/schonhage_strassen_1.lean:2203:4: 'simp +zetaDelta at *' is a flexible tactic modifying '*'. Try 'simp?' and use the suggested 'simp only [...]'. Alternatively, use `suffices` to explicitly state the simplified form.\n\nNote: This linter can be disabled with `set_option linter.flexible false`",
   "level": "warning"},
  {"message":
   "fast_verified_mul/schonhage_strassen_1.lean:2205:4: 'exact\n  Nat.le_sub_one_of_lt\n    (by\n      linarith [abs_of_nonneg\n          (show 0 ≤ decompose_digit x l (2 ^ n) i from decompose_digit_nonneg x l (2 ^ n) i)])' uses '*'!",
   "level": "info"},
  {"message":
   "fast_verified_mul/schonhage_strassen_1.lean:2196:100: This line exceeds the 100 character limit, please shorten it!\n\nNote: This linter can be disabled with `set_option linter.style.longLine false`",
   "level": "warning"},
  {"message":
   "fast_verified_mul/schonhage_strassen_1.lean:2201:100: This line exceeds the 100 character limit, please shorten it!\n\nNote: This linter can be disabled with `set_option linter.style.longLine false`",
   "level": "warning"},
  {"message":
   "fast_verified_mul/schonhage_strassen_1.lean:2205:100: This line exceeds the 100 character limit, please shorten it!\n\nNote: This linter can be disabled with `set_option linter.style.longLine false`",
   "level": "warning"},
  {"message":
   "fast_verified_mul/schonhage_strassen_1.lean:2207:100: This line exceeds the 100 character limit, please shorten it!\n\nNote: This linter can be disabled with `set_option linter.style.longLine false`",
   "level": "warning"},
  {"message":
   "fast_verified_mul/schonhage_strassen_1.lean:2210:100: This line exceeds the 100 character limit, please shorten it!\n\nNote: This linter can be disabled with `set_option linter.style.longLine false`",
   "level": "warning"},
  {"message":
   "fast_verified_mul/schonhage_strassen_1.lean:2213:100: This line exceeds the 100 character limit, please shorten it!\n\nNote: This linter can be disabled with `set_option linter.style.longLine false`",
   "level": "warning"},
  {"message":
   "fast_verified_mul/schonhage_strassen_1.lean:2230:7: unused variable `hN`\n\nNote: This linter can be disabled with `set_option linter.unusedVariables false`",
   "level": "warning"},
  {"message":
   "fast_verified_mul/schonhage_strassen_1.lean:2312:100: This line exceeds the 100 character limit, please shorten it!\n\nNote: This linter can be disabled with `set_option linter.style.longLine false`",
   "level": "warning"},
  {"message":
   "fast_verified_mul/schonhage_strassen_1.lean:2305:15: The `show` tactic should only be used to indicate intermediate goal states for readability.\nHowever, this tactic invocation changed the goal. Please use `change` instead for these purposes.\n\nNote: This linter can be disabled with `set_option linter.style.show false`",
   "level": "warning"},
  {"message":
   "fast_verified_mul/schonhage_strassen_1.lean:2356:73: 'simp_all +decide [ bits ]' is a flexible tactic modifying '⊢'. Try 'simp_all?' and use the suggested 'simp_all only [...]'. Alternatively, use `suffices` to explicitly state the simplified form.\n\nNote: This linter can be disabled with `set_option linter.flexible false`",
   "level": "warning"},
  {"message":
   "fast_verified_mul/schonhage_strassen_1.lean:2356:73: Try this:\n  [apply] simp_all +decide only [gt_iff_lt]",
   "level": "info"},
  {"message":
   "fast_verified_mul/schonhage_strassen_1.lean:2357:8: 'exact this.trans_le (Nat.pow_le_pow_right (by decide) (Nat.succ_le_succ (Nat.le_max_left _ _)))' uses '⊢'!",
   "level": "info"},
  {"message":
   "fast_verified_mul/schonhage_strassen_1.lean:2330:4: The following tactic starts with 6 goals and ends with 6 goals, 5 of which are not operated on.\n  rw [eq_comm]\nPlease focus on the current goal, for instance using `·` (typed as \"\\.\").\n\nNote: This linter can be disabled with `set_option linter.style.multiGoal false`",
   "level": "warning"},
  {"message":
   "fast_verified_mul/schonhage_strassen_1.lean:2331:4: The following tactic starts with 6 goals and ends with 3 goals, 2 of which are not operated on.\n  convert Iff.rfl\nPlease focus on the current goal, for instance using `·` (typed as \"\\.\").\n\nNote: This linter can be disabled with `set_option linter.style.multiGoal false`",
   "level": "warning"},
  {"message":
   "fast_verified_mul/schonhage_strassen_1.lean:2328:100: This line exceeds the 100 character limit, please shorten it!\n\nNote: This linter can be disabled with `set_option linter.style.longLine false`",
   "level": "warning"},
  {"message":
   "fast_verified_mul/schonhage_strassen_1.lean:2348:100: This line exceeds the 100 character limit, please shorten it!\n\nNote: This linter can be disabled with `set_option linter.style.longLine false`",
   "level": "warning"},
  {"message":
   "fast_verified_mul/schonhage_strassen_1.lean:2357:100: This line exceeds the 100 character limit, please shorten it!\n\nNote: This linter can be disabled with `set_option linter.style.longLine false`",
   "level": "warning"},
  {"message":
   "fast_verified_mul/schonhage_strassen_1.lean:2370:100: This line exceeds the 100 character limit, please shorten it!\n\nNote: This linter can be disabled with `set_option linter.style.longLine false`",
   "level": "warning"},
  {"message":
   "fast_verified_mul/schonhage_strassen_1.lean:2371:100: This line exceeds the 100 character limit, please shorten it!\n\nNote: This linter can be disabled with `set_option linter.style.longLine false`",
   "level": "warning"},
  {"message":
   "fast_verified_mul/schonhage_strassen_1.lean:2372:100: This line exceeds the 100 character limit, please shorten it!\n\nNote: This linter can be disabled with `set_option linter.style.longLine false`",
   "level": "warning"},
  {"message":
   "fast_verified_mul/schonhage_strassen_1.lean:2410:39: Using `native_decide` is not allowed in mathlib: because it trusts the entire Lean compiler (not just the Lean kernel), it could quite possibly be used to prove false.\n\nNote: This linter can be disabled with `set_option linter.style.nativeDecide false`",
   "level": "warning"},
  {"message":
   "fast_verified_mul/schonhage_strassen_1.lean:2410:100: This line exceeds the 100 character limit, please shorten it!\n\nNote: This linter can be disabled with `set_option linter.style.longLine false`",
   "level": "warning"},
  {"message":
   "fast_verified_mul/schonhage_strassen_1.lean:2417:4: The `show` tactic should only be used to indicate intermediate goal states for readability.\nHowever, this tactic invocation changed the goal. Please use `change` instead for these purposes.\n\nNote: This linter can be disabled with `set_option linter.style.show false`",
   "level": "warning"},
  {"message":
   "fast_verified_mul/schonhage_strassen_1.lean:2422:4: The `show` tactic should only be used to indicate intermediate goal states for readability.\nHowever, this tactic invocation changed the goal. Please use `change` instead for these purposes.\n\nNote: This linter can be disabled with `set_option linter.style.show false`",
   "level": "warning"},
  {"message":
   "fast_verified_mul/schonhage_strassen_1.lean:2433:52: The `show` tactic should only be used to indicate intermediate goal states for readability.\nHowever, this tactic invocation changed the goal. Please use `change` instead for these purposes.\n\nNote: This linter can be disabled with `set_option linter.style.show false`",
   "level": "warning"},
  {"message":
   "fast_verified_mul/schonhage_strassen_1.lean:2439:2: The `show` tactic should only be used to indicate intermediate goal states for readability.\nHowever, this tactic invocation changed the goal. Please use `change` instead for these purposes.\n\nNote: This linter can be disabled with `set_option linter.style.show false`",
   "level": "warning"}],
 "inputs":
 [["fast_verified_mul.schonhage_strassen_1:deps",
   [["deps",
     [["fast_verified_mul/fast_verified_mul:extraDep",
       [["@fast_verified_mul:extraDep", "00000000000006bb"]]],
      ["imports",
       [["Mathlib transitive imports (legacy)", "abc115b3312ed7dd"],
        ["Mathlib:importAllArts", "ae402e6d874ae9a0"]]]]],
    ["libs",
     [["import dynlibs", "00000000000006bb"],
      ["package external libraries", "00000000000006bb"],
      ["module dynlibs", "00000000000006bb"],
      ["module plugins", "00000000000006bb"]]]]],
  ["Lean 4.30.0, commit 3dc1a088b6d2d8eafe25a7cd7ec7b58d731bd7cc",
   "2c8d2623007dfc36"],
  ["/home/n/Documents/github/verified_mul_dcv/fast_verified_mul/schonhage_strassen_1.lean",
   "3627d75807cc7300"],
  ["options",
   [["-DmaxSynthPendingDepth=3", "c78e353d34de85d4"],
    ["-Dweak.linter.mathlibStandardSet=true", "8a155799906f2b42"],
    ["-DrelaxedAutoImplicit=false", "74a2b5546b55be80"],
    ["-Dpp.unicode.fun=true", "9b94070140457fab"]]],
  ["isModule: false", "feefd2a0d3a1847e"],
  ["Module.name: fast_verified_mul.schonhage_strassen_1", "a799412250e4efd7"],
  ["Package.id?: (some fast_verified_mul)", "69bf6ad753670a8e"],
  ["Module.leanArgs: #[]", "00000000000006bb"]],
 "depHash": "0df96a83e8d10240"}